Match Time,Sport,Kategorija,Match Date,Location,Home Team,Away Team,Home Team Score,Away Team Score,Match Result,Officials,Statistics,Tournaments
16:00,Hokej na travi,Seniori,5/10/2025,Hokejski centar,HK Jedinstvo,HK Marathon,,,,,,
18:00,Hokej na travi,Seniori,5/10/2025,Hokejski centar,HK Trešnjevka,HK Concordia 1906,,,,,,
19:00,Hokej na travi,Seniori,5/10/2025,Sportski park Mladost,HAHK Mladost,HK Zrinjevac,,,,,,
19:00,Hokej na travi,Seniori,5/17/2025,Sportski park Mladost,HK Jedinstvo,HAHK Mladost,,,,,,
16:00,Hokej na travi,Seniori,5/17/2025,Sportski park Mladost,HK Zrinjevac,HK Trešnjevka,,,,,,
15:00,Hokej na travi,Seniori,5/17/2025,Hokejski centar,HK Concordia 1906,HK Zelina,,,,,,
18:00,Hokej na travi,Seniori,5/24/2025,Hokejski centar,HK Marathon,HK Concordia 1906,,,,,,
17:00,Hokej na travi,Seniori,5/24/2025,Hokej klub Zelina,HK Zelina,HK Zrinjevac,,,,,,
16:00,Hokej na travi,Seniori,5/24/2025,Hokejski centar,HK Trešnjevka,HAHK Mladost,,,,,,
18:00,Hokej na travi,Seniorke,5/11/2025,Hokejski centar,HK Trešnjevka,HK Zelina,,,,,,
16:30,Hokej na travi,Seniorke,5/11/2025,Sportski park Mladost,HAHK Mladost,HK Zrinjevac,,,,,,
18:00,Hokej na travi,Seniorke,5/25/2025,Hokej klub Zelina,HK Zelina,HAHK Mladost,,,,,,
15:30,Hokej na travi,Seniorke,5/25/2025,Sportski park Mladost,HK Zrinjevac,HK Trešnjevka,,,,,,
14:00,Hokej na travi,Kadeti,5/11/2025,Sportski park Mladost,HK Mladost 2,HK Zrinjevac,,,,,,
16:00,Hokej na travi,Kadeti,5/11/2025,Hokejski centar,HK Jedinstvo,HK Zelina,,,,,,
14:00,Hokej na travi,Kadeti,5/11/2025,Hokejski centar,HK Concordia 1906,HAHK Mladost,,,,,,
13:00,Hokej na travi,Kadeti,5/17/2025,Sportski park Mladost,HK Zrinjevac,HK Concordia 1906,,,,,,
16:00,Hokej na travi,Kadeti,5/17/2025,Sportski park Mladost,HAHK Mladost,HK Jedinstvo,,,,,,
16:00,Hokej na travi,Kadeti,5/17/2025,Hokej klub Zelina,HK Zelina,HK Mladost 2,,,,,,
10:00,Hokej na travi,Kadetkinje,5/17/2025,Sportski park Mladost,HK Zelina,HAHK Mladost,,,,,,
10:30,Hokej na travi,Kadetkinje,5/17/2025,Sportski park Mladost,HK Jedinstvo,HAHK Mladost,,,,,,
11:00,Hokej na travi,Kadetkinje,5/17/2025,Sportski park Mladost,HAHK Mladost,HK Zelina,,,,,,
11:30,Hokej na travi,Kadetkinje,5/17/2025,Sportski park Mladost,HK Jedinstvo,HK Zelina,,,,,,
12:15,Hokej na travi,Mlađi kadeti,5/10/2025,Hokejski centar,HK Jedinstvo,HK Zrinjevac,,,,,,
14:30,Hokej na travi,Mlađi kadeti,5/10/2025,Hokejski centar,HK Trešnjevka,HAHK Mladost,,,,,,
10:00,Hokej na travi,Mlađi kadeti,5/10/2025,Hokejski centar,HK Concordia 1906,HK Zelina,,,,,,
10:00,Hokej na travi,Mlađi kadeti,5/18/2025,Hokej klub Zelina,HK Zelina,HK Trešnjevka,,,,,,
12:00,Hokej na travi,Mlađi kadeti,5/18/2025,Sportski park Mladost,HAHK Mladost,HK Jedinstvo,,,,,,
10:00,Hokej na travi,Mlađi kadeti,5/18/2025,Sportski park Mladost,HK Zrinjevac,HK Mladost 2,,,,,,
10:00,Hokej na travi,Mlađi kadeti,5/24/2025,Sportski park Mladost,HK Mladost 2,HAHK Mladost,,,,,,
10:00,Hokej na travi,Mlađi kadeti,5/24/2025,Hokejski centar,HK Jedinstvo,HK Zelina,,,,,,
11:45,Hokej na travi,Mlađi kadeti,5/24/2025,Hokejski centar,HK Trešnjevka,HK Concordia 1906,,,,,,
11:00,Hokej na travi,Mlađi kadeti,5/31/2025,Hokejski centar,HK Concordia 1906,HK Jedinstvo,,,,,,
11:00,Hokej na travi,Mlađi kadeti,5/31/2025,Hokej klub Zelina,HK Zelina,HK Mladost 2,,,,,,
11:00,Hokej na travi,Mlađi kadeti,5/31/2025,Sportski park Mladost,HAHK Mladost,HK Zrinjevac,,,,,,
9:30,Hokej na travi,Veterani,5/11/2025,Sportski park Mladost,HK Jedinstvo,HAHK Mladost,,,,,,
9:30,Hokej na travi,Veterani,5/11/2025,Sportski park Mladost,HK Trešnjevka,HK Marathon,,,,,,
10:30,Hokej na travi,Veterani,5/11/2025,Sportski park Mladost,HK Jedinstvo,HK Concordia 1906,,,,,,
10:30,Hokej na travi,Veterani,5/11/2025,Sportski park Mladost,HAHK Mladost,HK Trešnjevka,,,,,,
11:30,Hokej na travi,Veterani,5/11/2025,Sportski park Mladost,HK Marathon,HK Concordia 1906,,,,,,
19:00,Hokej na travi,Seniori,9/11/2024,Sportski park Mladost,HK Zelina,HAHK Mladost,5,3,,,,
15:00,Hokej na travi,Seniori,9/14/2024,Sportski park Mladost,HK Trešnjevka,HK Jedinstvo,1,2,,,,
17:30,Hokej na travi,Seniori,9/14/2024,Sportski park Mladost,HK Marathon,HK Zrinjevac,4,1,,,,
20.30,Hokej na travi,Seniori,9/18/2024,Sportski park Mladost,HK Jedinstvo,HK Concordia 1906,2,7,,,,
16:30,Hokej na travi,Seniori,9/21/2024,Sportski park Mladost,HK Trešnjevka,HK Zelina,1,10,,,,
18:30,Hokej na travi,Seniori,9/21/2024,Sportski park Mladost,HAHK Mladost,HK Marathon,9,2,,,,
17:00,Hokej na travi,Seniori,9/28/2024,Sportski park Mladost,HK Marathon,HK Trešnjevka,7,8,,,,
17:00,Hokej na travi,Seniori,9/28/2024,Sportski park Mladost,HK Zelina,HK Jedinstvo,9,1,,,,
18:45,Hokej na travi,Seniori,9/28/2024,Sportski park Mladost,HK Concordia 1906,HK Zrinjevac,11,2,,,,
16:00,Hokej na travi,Seniori,10/5/2024,Sportski park Mladost,HK Jedinstvo,HK Zrinjevac,2,3,,,,
18:00,Hokej na travi,Seniori,10/5/2024,Sportski park Mladost,HK Zelina,HK Marathon,7,2,,,,
19:30,Hokej na travi,Seniori,10/5/2024,Sportski park Mladost,HAHK Mladost,HK Concordia 1906,5,3,,,,
20:00,Hokej na travi,Seniori,10/9/2024,Sportski park Mladost,HK Zelina,HK Concordia 1906,4,2,,,,
16:00,Hokej na travi,Seniori,10/12/2024,Sportski park Mladost,HK Concordia 1906,HK Trešnjevka,5,0,,,,
16:30,Hokej na travi,Seniori,10/12/2024,Sportski park Mladost,HK Zrinjevac,HAHK Mladost,1,4,,,,
18:00,Hokej na travi,Seniori,10/12/2024,Sportski park Mladost,HK Marathon,HK Jedinstvo,2,2,,,,
15:00,Hokej na travi,Seniori,10/13/2024,Sportski park Mladost,HK Trešnjevka,HK Zrinjevac,1,5,,,,
19:00,Hokej na travi,Seniori,10/13/2024,Sportski park Mladost,HK Jedinstvo,HAHK Mladost,0,5,,,,
14:30,Hokej na travi,Seniori,10/19/2024,Sportski park Mladost,HK Zrinjevac,HK Zelina,2,8,,,,
18:30,Hokej na travi,Seniori,10/19/2024,Sportski park Mladost,HK Concordia 1906,HK Marathon,0,2,,,,
18:30,Hokej na travi,Seniori,10/19/2024,Sportski park Mladost,HAHK Mladost,HK Trešnjevka,9,4,,,,
14:30,Hokej na travi,Seniori,3/29/2025,Sportski park Mladost,HK Jedinstvo,HK Trešnjevka,4,1,,,,
15:00,Hokej na travi,Seniori,3/29/2025,Sportski park Mladost,HK Zrinjevac,HK Marathon,4,5,,,,
15:30,Hokej na travi,Seniori,4/5/2025,Sportski park Mladost,HK Concordia 1906,HK Jedinstvo,6,1,,,,
16:00,Hokej na travi,Seniori,4/5/2025,Sportski park Mladost,HK Zelina,HK Trešnjevka,15,0,,,,
19:30,Hokej na travi,Seniori,4/8/2025,Sportski park Mladost,HK Marathon,HAHK Mladost,3,5,,,,
17:00,Hokej na travi,Seniorke,9/15/2024,Sportski park Mladost,HK Zelina,HK Zrinjevac,5,1,,,,
18:00,Hokej na travi,Seniorke,9/15/2024,Sportski park Mladost,HK Trešnjevka,HAHK Mladost,0,18,,,,
15:00,Hokej na travi,Seniorke,10/22/2024,Sportski park Mladost,HK Trešnjevka,HK Zelina,0,20,,,,
17:00,Hokej na travi,Seniorke,10/22/2024,Sportski park Mladost,HAHK Mladost,HK Zrinjevac,3,4,,,,
16:00,Hokej na travi,Seniorke,9/29/2024,Sportski park Mladost,HK Zrinjevac,HK Trešnjevka,14,0,,,,
15:00,Hokej na travi,Seniorke,9/29/2024,Sportski park Mladost,HK Zelina,HAHK Mladost,3,3,,,,
15:00,Hokej na travi,Seniorke,10/6/2024,Sportski park Mladost,HAHK Mladost,HK Trešnjevka,18,0,,,,
17:30,Hokej na travi,Seniorke,10/6/2024,Sportski park Mladost,HK Zrinjevac,HK Zelina,3,1,,,,
11:00,Hokej na travi,Seniorke,10/12/2024,Sportski park Mladost,HK Zelina,HK Trešnjevka,12,0,,,,
14:30,Hokej na travi,Seniorke,10/12/2024,Sportski park Mladost,HK Zrinjevac,HAHK Mladost,0,5,,,,
16:00,Hokej na travi,Seniorke,10/13/2024,Sportski park Mladost,HAHK Mladost,HK Zelina,5,2,,,,
17:00,Hokej na travi,Seniorke,10/13/2024,Sportski park Mladost,HK Trešnjevka,HK Zrinjevac,0,15,,,,
14:00,Hokej na travi,Seniorke,3/30/2025,Sportski park Mladost,HK Zrinjevac,HK Zelina,2,1,,,,
16:00,Hokej na travi,Seniorke,3/30/2025,Sportski park Mladost,HAHK Mladost,HK Trešnjevka,22,0,,,,
17:00,Hokej na travi,Seniorke,4/6/2025,Sportski park Mladost,HK Zrinjevac,HAHK Mladost,1,4,,,,
17:30,Hokej na travi,Seniorke,4/6/2025,Sportski park Mladost,HK Zelina,HK Trešnjevka,10,0,,,,
13:30,Hokej na travi,Kadeti,9/15/2024,Sportski park Mladost,HK Concordia 1906,HK Jedinstvo,1,5,,,,
14:00,Hokej na travi,Kadeti,9/15/2024,Sportski park Mladost,HK Zelina,HK Zrinjevac,4,3,,,,
20:45,Hokej na travi,Kadeti,9/16/2024,Sportski park Mladost,HAHK Mladost,HK Mladost 2,9,0,,,,
13:00,Hokej na travi,Kadeti,9/29/2024,Sportski park Mladost,HK Zrinjevac,HK Jedinstvo,1,5,,,,
12:30,Hokej na travi,Kadeti,9/29/2024,Sportski park Mladost,HK Zelina,HAHK Mladost,2,10,,,,
14:15,Hokej na travi,Kadeti,9/29/2024,Sportski park Mladost,HK Mladost 2,HK Concordia 1906,0,11,,,,
10:00,Hokej na travi,Kadeti,10/6/2024,Sportski park Mladost,HK Jedinstvo,HK Mladost 2,12,0,,,,
12:30,Hokej na travi,Kadeti,10/6/2024,Sportski park Mladost,HAHK Mladost,HK Zrinjevac,10,0,,,,
12:45,Hokej na travi,Kadeti,10/6/2024,Sportski park Mladost,HK Concordia 1906,HK Zelina,3,2,,,,
12:30,Hokej na travi,Kadeti,10/13/2024,Sportski park Mladost,HAHK Mladost,HK Concordia 1906,9,0,,,,
20:45,Hokej na travi,Kadeti,10/14/2024,Sportski park Mladost,HK Zrinjevac,HK Mladost 2,7,0,,,,
19:45,Hokej na travi,Kadeti,10/16/2024,Sportski park Mladost,HK Jedinstvo,HK Zelina,7,0,,,,
13:00,Hokej na travi,Kadeti,10/20/2024,Sportski park Mladost,HK Mladost 2,HK Zelina,1,5,,,,
16:00,Hokej na travi,Kadeti,10/20/2024,Sportski park Mladost,HK Jedinstvo,HAHK Mladost,2,0,,,,
18:00,Hokej na travi,Kadeti,10/20/2024,Sportski park Mladost,HK Concordia 1906,HK Zrinjevac,4,3,,,,
11:00,Hokej na travi,Kadeti,4/6/2025,Sportski park Mladost,HK Zrinjevac,HK Zelina,1,2,,,,
13:00,Hokej na travi,Kadeti,4/6/2025,Sportski park Mladost,HK Mladost 2,HAHK Mladost,1,16,,,,
17:00,Hokej na travi,Kadeti,4/6/2025,Sportski park Mladost,HK Jedinstvo,HK Concordia 1906,6,1,,,,
9:30,Hokej na travi,Kadetkinje,10/27/2024,Sportski park Mladost,HAHK Mladost,HK Jedinstvo,0,2,,,,
10:00,Hokej na travi,Kadetkinje,10/27/2024,Sportski park Mladost,HK Zelina,HK Jedinstvo,2,1,,,,
10:30,Hokej na travi,Kadetkinje,10/27/2024,Sportski park Mladost,HK Zelina,HAHK Mladost,3,1,,,,
11:00,Hokej na travi,Kadetkinje,10/27/2024,Sportski park Mladost,HK Jedinstvo,HK Zelina,3,2,,,,
11:00,Hokej na travi,Mlađi kadeti,9/14/2024,Sportski park Mladost,HK Zelina,HK Zrinjevac,0,4,,,,
12:15,Hokej na travi,Mlađi kadeti,9/14/2024,Sportski park Mladost,HK Trešnjevka,HK Jedinstvo,2,0,,,,
13:30,Hokej na travi,Mlađi kadeti,9/14/2024,Sportski park Mladost,HK Concordia 1906,HK Mladost 2,13,1,,,,
12:30,Hokej na travi,Mlađi kadeti,9/21/2024,Sportski park Mladost,HK Zrinjevac,HK Concordia 1906,2,3,,,,
13:30,Hokej na travi,Mlađi kadeti,9/21/2024,Sportski park Mladost,HK Mladost 2,HK Trešnjevka,1,3,,,,
20:45,Hokej na travi,Mlađi kadeti,9/23/2024,Sportski park Mladost,HAHK Mladost,HK Zelina,1,3,,,,
13:00,Hokej na travi,Mlađi kadeti,9/28/2024,Sportski park Mladost,HK Jedinstvo,HK Mladost 2,11,0,,,,
14:30,Hokej na travi,Mlađi kadeti,9/28/2024,Sportski park Mladost,HK Concordia 1906,HAHK Mladost,3,2,,,,
20:45,Hokej na travi,Mlađi kadeti,10/1/2024,Sportski park Mladost,HK Trešnjevka,HK Zrinjevac,0,4,,,,
10:00,Hokej na travi,Mlađi kadeti,10/5/2024,Sportski park Mladost,HK Zelina,HK Concordia 1906,3,2,,,,
13:00,Hokej na travi,Mlađi kadeti,10/5/2024,Sportski park Mladost,HK Zrinjevac,HK Jedinstvo,12,1,,,,
14:30,Hokej na travi,Mlađi kadeti,10/5/2024,Sportski park Mladost,HAHK Mladost,HK Trešnjevka,8,0,,,,
10:00,Hokej na travi,Mlađi kadeti,10/12/2024,Sportski park Mladost,HK Mladost 2,HK Zrinjevac,0,14,,,,
12:00,Hokej na travi,Mlađi kadeti,10/12/2024,Sportski park Mladost,HK Jedinstvo,HAHK Mladost,1,6,,,,
14:00,Hokej na travi,Mlađi kadeti,10/12/2024,Sportski park Mladost,HK Trešnjevka,HK Zelina,1,1,,,,
10:00,Hokej na travi,Mlađi kadeti,10/19/2024,Sportski park Mladost,HK Zelina,HK Jedinstvo,5,2,,,,
13:00,Hokej na travi,Mlađi kadeti,10/19/2024,Sportski park Mladost,HAHK Mladost,HK Mladost 2,20,0,,,,
13:30,Hokej na travi,Mlađi kadeti,10/19/2024,Sportski park Mladost,HK Concordia 1906,HK Trešnjevka,7,0,,,,
10:00,Hokej na travi,Mlađi kadeti,10/26/2024,Sportski park Mladost,HK Zrinjevac,HAHK Mladost,5,1,,,,
11:30,Hokej na travi,Mlađi kadeti,10/26/2024,Sportski park Mladost,HK Mladost 2,HK Zelina,0,9,,,,
12:00,Hokej na travi,Mlađi kadeti,3/22/2025,Sportski park Mladost,HK Jedinstvo,HK Concordia 1906,1,12,,,,
11:00,Hokej na travi,Mlađi kadeti,3/29/2025,Sportski park Mladost,HK Jedinstvo,HK Trešnjevka,1,2,,,,
11:00,Hokej na travi,Mlađi kadeti,3/29/2025,Sportski park Mladost,HK Mladost 2,HK Concordia 1906,0,15,,,,
13:00,Hokej na travi,Mlađi kadeti,3/29/2025,Sportski park Mladost,HK Zrinjevac,HK Zelina,2,1,,,,
9:30,Hokej na travi,Mlađi kadeti,4/5/2025,Sportski park Mladost,HK Zelina,HAHK Mladost,1,3,,,,
11:00,Hokej na travi,Mlađi kadeti,4/5/2025,Sportski park Mladost,HK Trešnjevka,HK Mladost 2,2,1,,,,
12:30,Hokej na travi,Mlađi kadeti,4/5/2025,Sportski park Mladost,HK Concordia 1906,HK Zrinjevac,3,2,,,,
17:30,Nogomet,1. ZNL,8/31/2024,SC Savica,NK Kralj Tomislav,NK Prigorje (Ž),1,0,,,,
17:30,Nogomet,1. ZNL,8/31/2024,Nogometno igralište Mala Mlaka,NK Mala Mlaka,NK Studentski grad,1,0,,,,
17:30,Nogomet,1. ZNL,8/31/2024,Brezovica,NK Brezovica,NK Bubamara,4,0,,,,
17:30,Nogomet,1. ZNL,8/31/2024,SC Savica,NK Zet,NK Šparta,2,0,,,,
17:30,Nogomet,1. ZNL,8/31/2024,Igralište Hrelić,NK Zelengaj,NK Concordia,3,0,,,,
17:30,Nogomet,1. ZNL,9/1/2024,Hrvatski Leskovac,NK Hrvatski Leskovac,NK Mladost - Buzin,0,2,,,,
17:30,Nogomet,1. ZNL,9/1/2024,Kašina,NK Kašina,NK Botinec,0,2,,,,
17:30,Nogomet,1. ZNL,9/4/2024,Prigorje Markuševec,NK Prigorje (M),NK Sava,4,1,,,,
17:30,Nogomet,1. ZNL,9/7/2024,Igralište Hrelić,NK Zelengaj,NK Zet,3,0,,,,
17:30,Nogomet,1. ZNL,9/7/2024,Igralište Pongračevo,NK Šparta,NK Brezovica,2,3,,,,
17:30,Nogomet,1. ZNL,9/7/2024,Prečko,NK Bubamara,NK Mala Mlaka,0,1,,,,
17:30,Nogomet,1. ZNL,9/7/2024,Žerjavinec,NK Prigorje (Ž),NK Hrvatski Leskovac,6,0,,,,
17:30,Nogomet,1. ZNL,9/8/2024,Studentski grad,NK Studentski grad,NK Kašina,1,0,,,,
17:30,Nogomet,1. ZNL,9/8/2024,Botinec,NK Botinec,NK Kralj Tomislav,1,6,,,,
17:30,Nogomet,1. ZNL,9/8/2024,Buzin,NK Mladost - Buzin,NK Prigorje (M),4,2,,,,
17:30,Nogomet,1. ZNL,9/8/2024,Studentski grad,NK Concordia,NK Sava,5,2,,,,
18:00,Nogomet,1. ZNL,9/10/2024,Prigorje Markuševec,NK Prigorje (M),NK Prigorje (Ž),4,1,,,,
17:00,Nogomet,1. ZNL,9/11/2024,Gredice,NK Sava,NK Mladost - Buzin,0,6,,,,
17:00,Nogomet,1. ZNL,9/11/2024,Hrvatski Leskovac,NK Hrvatski Leskovac,NK Botinec,2,0,,,,
17:00,Nogomet,1. ZNL,9/11/2024,SC Savica,NK Kralj Tomislav,NK Studentski grad,4,0,,,,
17:00,Nogomet,1. ZNL,9/11/2024,Kašina,NK Kašina,NK Bubamara,3,5,,,,
17:30,Nogomet,1. ZNL,9/11/2024,Nogometno igralište Mala Mlaka,NK Mala Mlaka,NK Šparta,1,3,,,,
17:00,Nogomet,1. ZNL,9/11/2024,Brezovica,NK Brezovica,NK Zelengaj,4,2,,,,
17:00,Nogomet,1. ZNL,9/11/2024,SC Savica,NK Zet,NK Concordia,2,0,,,,
17:00,Nogomet,1. ZNL,9/14/2024,SC Savica,NK Zet,NK Brezovica,2,1,,,,
17:00,Nogomet,1. ZNL,9/14/2024,Igralište Hrelić,NK Zelengaj,NK Mala Mlaka,2,0,,,,
17:00,Nogomet,1. ZNL,9/14/2024,Igralište Pongračevo,NK Šparta,NK Kašina,4,1,,,,
17:00,Nogomet,1. ZNL,9/14/2024,Prečko,NK Bubamara,NK Kralj Tomislav,0,7,,,,
17:00,Nogomet,1. ZNL,9/14/2024,Žerjavinec,NK Prigorje (Ž),NK Sava,2,3,,,,
17:00,Nogomet,1. ZNL,9/15/2024,Studentski grad,NK Studentski grad,NK Hrvatski Leskovac,3,0,,,,
17:00,Nogomet,1. ZNL,9/15/2024,Botinec,NK Botinec,NK Prigorje (M),2,4,,,,
17:00,Nogomet,1. ZNL,9/15/2024,,NK Concordia,NK Mladost - Buzin,3,4,,,,
14:00,Ragbi,PH Seniori,2/15/2025,Sportski park Mladost,HARK Mladost,RK Sinj,26,22,,,,
14:00,Ragbi,PH Seniori,3/1/2025,"""Igralište RK Nada """"Stari Plac""""""",RK Nada,HARK Mladost,31,7,,,,
14:30,Ragbi,PH Seniori,3/1/2025,Ragbi centar Rudeš,RK Zagreb,RK Sinj,19,21,,,,
13:00,Ragbi,PH Seniori,3/8/2025,Sportski park Mladost,HARK Mladost,RK Zagreb,34,33,,,,
14:00,Nogomet,1. ZNL,9/21/2024,Prigorje Markuševec,NK Prigorje (M),NK Studentski grad,1,1,,,,
16:30,Nogomet,1. ZNL,9/21/2024,Hrvatski Leskovac,NK Hrvatski Leskovac,NK Bubamara,1,1,,,,
16:30,Nogomet,1. ZNL,9/21/2024,Igralište Pongračevo,NK Šparta,NK Kralj Tomislav,1,2,,,,
16:30,Nogomet,1. ZNL,9/21/2024,Nogometno igralište Mala Mlaka,NK Mala Mlaka,NK Zet,0,4,,,,
16:30,Nogomet,1. ZNL,9/21/2024,Brezovica,NK Brezovica,NK Concordia,4,0,,,,
10:00,Nogomet,1. ZNL,9/22/2024,Buzin,NK Mladost - Buzin,NK Prigorje (Ž),5,2,,,,
16:30,Nogomet,1. ZNL,9/22/2024,Gredice,NK Sava,NK Botinec,3,0,,,,
16:30,Nogomet,1. ZNL,9/22/2024,Kašina,NK Kašina,NK Zelengaj,3,5,,,,
16:30,Nogomet,1. ZNL,9/28/2024,Brezovica,NK Brezovica,NK Mala Mlaka,0,1,,,,
16:30,Nogomet,1. ZNL,9/28/2024,Igralište Hrelić,NK Zelengaj,NK Kralj Tomislav,2,4,,,,
16:30,Nogomet,1. ZNL,9/28/2024,Igralište Pongračevo,NK Šparta,NK Hrvatski Leskovac,7,0,,,,
16:30,Nogomet,1. ZNL,9/28/2024,Prečko,NK Bubamara,NK Prigorje (M),1,5,,,,
16:30,Nogomet,1. ZNL,9/29/2024,Studentski grad,NK Studentski grad,NK Sava,2,0,,,,
16:30,Nogomet,1. ZNL,9/29/2024,Botinec,NK Botinec,NK Mladost - Buzin,1,1,,,,
16:30,Nogomet,1. ZNL,9/29/2024,,NK Concordia,NK Prigorje (Ž),4,2,,,,
16:00,Nogomet,1. ZNL,10/5/2024,Žerjavinec,NK Prigorje (Ž),NK Botinec,4,1,,,,
16:00,Nogomet,1. ZNL,10/5/2024,Gredice,NK Sava,NK Bubamara,3,2,,,,
16:00,Nogomet,1. ZNL,10/5/2024,Prigorje Markuševec,NK Prigorje (M),NK Šparta,1,1,,,,
16:00,Nogomet,1. ZNL,10/5/2024,Hrvatski Leskovac,NK Hrvatski Leskovac,NK Zelengaj,0,5,,,,
16:00,Nogomet,1. ZNL,10/5/2024,SC Savica,NK Kralj Tomislav,NK Zet,1,1,,,,
10:00,Nogomet,1. ZNL,10/6/2024,Buzin,NK Mladost - Buzin,NK Studentski grad,5,1,,,,
16:00,Nogomet,1. ZNL,10/6/2024,Kašina,NK Kašina,NK Brezovica,1,2,,,,
16:00,Nogomet,1. ZNL,10/12/2024,Nogometno igralište Mala Mlaka,NK Mala Mlaka,NK Kašina,5,1,,,,
16:00,Nogomet,1. ZNL,10/12/2024,Brezovica,NK Brezovica,NK Kralj Tomislav,1,1,,,,
16:00,Nogomet,1. ZNL,10/12/2024,SC Savica,NK Zet,NK Hrvatski Leskovac,6,1,,,,
16:00,Nogomet,1. ZNL,10/12/2024,Igralište Hrelić,NK Zelengaj,NK Prigorje (M),4,0,,,,
16:00,Nogomet,1. ZNL,10/12/2024,Igralište Pongračevo,NK Šparta,NK Sava,0,1,,,,
16:00,Nogomet,1. ZNL,10/12/2024,Prečko,NK Bubamara,NK Mladost - Buzin,1,5,,,,
16:00,Nogomet,1. ZNL,10/13/2024,Studentski grad,NK Studentski grad,NK Prigorje (Ž),3,3,,,,
16:00,Nogomet,1. ZNL,10/13/2024,,NK Concordia,NK Botinec,3,0,,,,
15:30,Nogomet,1. ZNL,10/19/2024,Žerjavinec,NK Prigorje (Ž),NK Bubamara,5,1,,,,
15:30,Nogomet,1. ZNL,10/19/2024,Gredice,NK Sava,NK Zelengaj,0,1,,,,
15:30,Nogomet,1. ZNL,10/19/2024,Prigorje Markuševec,NK Prigorje (M),NK Zet,1,3,,,,
15:30,Nogomet,1. ZNL,10/19/2024,Hrvatski Leskovac,NK Hrvatski Leskovac,NK Brezovica,1,1,,,,
15:30,Nogomet,1. ZNL,10/19/2024,SC Savica,NK Kralj Tomislav,NK Mala Mlaka,2,0,,,,
15:30,Nogomet,1. ZNL,10/20/2024,Botinec,NK Botinec,NK Studentski grad,2,0,,,,
10:00,Nogomet,1. ZNL,10/20/2024,Buzin,NK Mladost - Buzin,NK Šparta,2,2,,,,
15:30,Nogomet,1. ZNL,10/20/2024,Kašina,NK Kašina,NK Concordia,1,2,,,,
15:30,Nogomet,1. ZNL,10/26/2024,Nogometno igralište Mala Mlaka,NK Mala Mlaka,NK Hrvatski Leskovac,1,3,,,,
15:30,Nogomet,1. ZNL,10/26/2024,Brezovica,NK Brezovica,NK Prigorje (M),4,3,,,,
15:30,Nogomet,1. ZNL,10/26/2024,SC Savica,NK Zet,NK Sava,2,0,,,,
15:30,Nogomet,1. ZNL,10/26/2024,Igralište Hrelić,NK Zelengaj,NK Mladost - Buzin,4,0,,,,
15:30,Nogomet,1. ZNL,10/26/2024,Igralište Pongračevo,NK Šparta,NK Prigorje (Ž),6,0,,,,
15:30,Nogomet,1. ZNL,10/26/2024,Prečko,NK Bubamara,NK Botinec,2,3,,,,
14:30,Nogomet,1. ZNL,10/27/2024,Kašina,NK Kašina,NK Kralj Tomislav,0,7,,,,
14:30,Nogomet,1. ZNL,10/27/2024,,NK Concordia,NK Studentski grad,1,1,,,,
19:00,Nogomet,1. ZNL,10/31/2024,SC Savica,NK Kralj Tomislav,NK Concordia,1,1,,,,
14:30,Nogomet,1. ZNL,11/2/2024,Žerjavinec,NK Prigorje (Ž),NK Zelengaj,0,7,,,,
14:30,Nogomet,1. ZNL,11/2/2024,Gredice,NK Sava,NK Brezovica,1,0,,,,
14:30,Nogomet,1. ZNL,11/2/2024,Prigorje Markuševec,NK Prigorje (M),NK Mala Mlaka,1,0,,,,
14:30,Nogomet,1. ZNL,11/3/2024,Studentski grad,NK Studentski grad,NK Bubamara,0,1,,,,
14:30,Nogomet,1. ZNL,11/3/2024,Botinec,NK Botinec,NK Šparta,0,5,,,,
10:00,Nogomet,1. ZNL,11/3/2024,Buzin,NK Mladost - Buzin,NK Zet,1,2,,,,
14:30,Nogomet,1. ZNL,11/3/2024,Hrvatski Leskovac,NK Hrvatski Leskovac,NK Kašina,0,0,,,,
14:00,Nogomet,1. ZNL,11/9/2024,SC Savica,NK Kralj Tomislav,NK Hrvatski Leskovac,5,2,,,,
14:00,Nogomet,1. ZNL,11/9/2024,Nogometno igralište Mala Mlaka,NK Mala Mlaka,NK Sava,2,3,,,,
14:00,Nogomet,1. ZNL,11/9/2024,Brezovica,NK Brezovica,NK Mladost - Buzin,0,2,,,,
14:00,Nogomet,1. ZNL,11/9/2024,SC Savica,NK Zet,NK Prigorje (Ž),5,1,,,,
14:00,Nogomet,1. ZNL,11/9/2024,Igralište Hrelić,NK Zelengaj,NK Botinec,3,0,,,,
14:00,Nogomet,1. ZNL,11/9/2024,Igralište Pongračevo,NK Šparta,NK Studentski grad,7,0,,,,
14:00,Nogomet,1. ZNL,11/10/2024,Kašina,NK Kašina,NK Prigorje (M),1,4,,,,
14:00,Nogomet,1. ZNL,11/10/2024,,NK Concordia,NK Bubamara,5,0,,,,
14:00,Nogomet,1. ZNL,11/16/2024,Prečko,NK Bubamara,NK Šparta,0,4,,,,
14:00,Nogomet,1. ZNL,11/16/2024,Žerjavinec,NK Prigorje (Ž),NK Brezovica,0,3,,,,
14:00,Nogomet,1. ZNL,11/16/2024,Gredice,NK Sava,NK Kašina,5,0,,,,
14:00,Nogomet,1. ZNL,11/16/2024,Prigorje Markuševec,NK Prigorje (M),NK Kralj Tomislav,0,0,,,,
14:00,Nogomet,1. ZNL,11/16/2024,Hrvatski Leskovac,NK Hrvatski Leskovac,NK Concordia,0,0,,,,
14:00,Nogomet,1. ZNL,11/17/2024,Studentski grad,NK Studentski grad,NK Zelengaj,1,2,,,,
14:00,Nogomet,1. ZNL,11/17/2024,Botinec,NK Botinec,NK Zet,0,2,,,,
10:00,Nogomet,1. ZNL,11/17/2024,Buzin,NK Mladost - Buzin,NK Mala Mlaka,2,0,,,,
13:30,Nogomet,1. ZNL,11/23/2024,Hrvatski Leskovac,NK Hrvatski Leskovac,NK Prigorje (M),1,3,,,,
13:30,Nogomet,1. ZNL,11/23/2024,SC Savica,NK Kralj Tomislav,NK Sava,2,1,,,,
13:30,Nogomet,1. ZNL,11/23/2024,Nogometno igralište Mala Mlaka,NK Mala Mlaka,NK Prigorje (Ž),1,1,,,,
13:30,Nogomet,1. ZNL,11/23/2024,Brezovica,NK Brezovica,NK Botinec,3,0,,,,
13:30,Nogomet,1. ZNL,11/23/2024,SC Savica,NK Zet,NK Studentski grad,3,1,,,,
13:30,Nogomet,1. ZNL,11/23/2024,Prečko,NK Bubamara,NK Zelengaj,0,0,,,,
13:30,Nogomet,1. ZNL,11/24/2024,Kašina,NK Kašina,NK Mladost - Buzin,1,1,,,,
13:30,Nogomet,1. ZNL,11/24/2024,,NK Concordia,NK Šparta,2,1,,,,
13:30,Nogomet,1. ZNL,11/30/2024,Igralište Pongračevo,NK Šparta,NK Zelengaj,1,4,,,,
13:30,Nogomet,1. ZNL,11/30/2024,Prečko,NK Bubamara,NK Zet,0,6,,,,
13:30,Nogomet,1. ZNL,11/30/2024,Botinec,NK Botinec,NK Mala Mlaka,2,2,,,,
13:30,Nogomet,1. ZNL,11/30/2024,Žerjavinec,NK Prigorje (Ž),NK Kašina,1,1,,,,
13:30,Nogomet,1. ZNL,11/30/2024,Gredice,NK Sava,NK Hrvatski Leskovac,0,0,,,,
13:30,Nogomet,1. ZNL,11/30/2024,Prigorje Markuševec,NK Prigorje (M),NK Concordia,0,1,,,,
13:30,Nogomet,1. ZNL,12/1/2024,Studentski grad,NK Studentski grad,NK Brezovica,2,2,,,,
10:00,Nogomet,1. ZNL,12/1/2024,Buzin,NK Mladost - Buzin,NK Kralj Tomislav,0,2,,,,
13:30,Nogomet,1. ZNL,12/7/2024,Nogometno igralište Mala Mlaka,NK Mala Mlaka,NK Concordia,0,2,,,,
13:30,Nogomet,1. ZNL,12/7/2024,SC Savica,NK Zet,NK Kašina,3,0,,,,
15:30,Nogomet,1. ZNL,3/1/2025,Žerjavinec,NK Prigorje (Ž),NK Kralj Tomislav,1,2,,,,
15:30,Nogomet,1. ZNL,3/1/2025,Prečko,NK Bubamara,NK Brezovica,1,1,,,,
15:30,Nogomet,1. ZNL,3/1/2025,Igralište Pongračevo,NK Šparta,NK Zet,3,0,,,,
15:30,Nogomet,1. ZNL,3/1/2025,,NK Concordia,NK Zelengaj,3,3,,,,
15:30,Nogomet,1. ZNL,3/2/2025,Gredice,NK Sava,NK Prigorje (M),1,1,,,,
15:30,Nogomet,1. ZNL,3/2/2025,Buzin,NK Mladost - Buzin,NK Hrvatski Leskovac,4,0,,,,
12:00,Nogomet,1. ZNL,3/2/2025,Botinec,NK Botinec,NK Kašina,3,2,,,,
15:30,Nogomet,1. ZNL,3/2/2025,Studentski grad,NK Studentski grad,NK Mala Mlaka,5,0,,,,
15:30,Nogomet,1. ZNL,3/8/2025,Brezovica,NK Brezovica,NK Šparta,1,1,,,,
15:30,Nogomet,1. ZNL,3/8/2025,Nogometno igralište Mala Mlaka,NK Mala Mlaka,NK Bubamara,2,0,,,,
15:30,Nogomet,1. ZNL,3/8/2025,SC Savica,NK Kralj Tomislav,NK Botinec,5,0,,,,
15:30,Nogomet,1. ZNL,3/8/2025,Hrvatski Leskovac,NK Hrvatski Leskovac,NK Prigorje (Ž),3,1,,,,
15:30,Nogomet,1. ZNL,3/8/2025,Prigorje Markuševec,NK Prigorje (M),NK Mladost - Buzin,1,1,,,,
17:30,Nogomet,1. ZNL,3/8/2025,Gredice,NK Sava,NK Concordia,0,1,,,,
15:30,Nogomet,1. ZNL,3/9/2025,SC Savica,NK Zet,NK Zelengaj,0,1,,,,
15:30,Nogomet,1. ZNL,3/9/2025,Kašina,NK Kašina,NK Studentski grad,2,2,,,,
16:00,Nogomet,1. ZNL,3/15/2025,Žerjavinec,NK Prigorje (Ž),NK Prigorje (M),3,1,,,,
16:00,Nogomet,1. ZNL,3/15/2025,Prečko,NK Bubamara,NK Kašina,3,3,,,,
16:00,Nogomet,1. ZNL,3/15/2025,Igralište Pongračevo,NK Šparta,NK Mala Mlaka,4,0,,,,
16:00,Nogomet,1. ZNL,3/15/2025,Igralište Hrelić,NK Zelengaj,NK Brezovica,0,2,,,,
16:00,Nogomet,1. ZNL,3/16/2025,Botinec,NK Botinec,NK Hrvatski Leskovac,2,1,,,,
16:00,Nogomet,1. ZNL,3/16/2025,Studentski grad,NK Studentski grad,NK Kralj Tomislav,0,0,,,,
16:00,Nogomet,1. ZNL,3/16/2025,,NK Concordia,NK Zet,1,2,,,,
16:00,Nogomet,1. ZNL,3/22/2025,Brezovica,NK Brezovica,NK Zet,0,2,,,,
16:00,Nogomet,1. ZNL,3/22/2025,Nogometno igralište Mala Mlaka,NK Mala Mlaka,NK Zelengaj,0,4,,,,
16:00,Nogomet,1. ZNL,3/22/2025,SC Savica,NK Kralj Tomislav,NK Bubamara,3,0,,,,
16:00,Nogomet,1. ZNL,3/22/2025,Hrvatski Leskovac,NK Hrvatski Leskovac,NK Studentski grad,1,5,,,,
16:00,Nogomet,1. ZNL,3/22/2025,Prigorje Markuševec,NK Prigorje (M),NK Botinec,5,0,,,,
16:00,Nogomet,1. ZNL,3/22/2025,Gredice,NK Sava,NK Prigorje (Ž),2,0,,,,
16:00,Nogomet,1. ZNL,3/23/2025,Kašina,NK Kašina,NK Šparta,4,4,,,,
10:00,Nogomet,1. ZNL,4/23/2025,Buzin,NK Mladost - Buzin,NK Concordia,1,1,,,,
20:00,Nogomet,1. ZNL,3/26/2025,Buzin,NK Mladost - Buzin,NK Sava,3,0,,,,
16:00,Nogomet,1. ZNL,3/29/2025,Žerjavinec,NK Prigorje (Ž),NK Mladost - Buzin,1,1,,,,
16:00,Nogomet,1. ZNL,3/29/2025,Prečko,NK Bubamara,NK Hrvatski Leskovac,3,0,,,,
16:00,Nogomet,1. ZNL,3/30/2025,Botinec,NK Botinec,NK Sava,1,3,,,,
16:00,Nogomet,1. ZNL,3/30/2025,Studentski grad,NK Studentski grad,NK Prigorje (M),2,3,,,,
17:00,Nogomet,1. ZNL,4/5/2025,Nogometno igralište Mala Mlaka,NK Mala Mlaka,NK Brezovica,1,1,,,,
17:00,Nogomet,1. ZNL,4/5/2025,SC Savica,NK Kralj Tomislav,NK Zelengaj,2,1,,,,
17:00,Nogomet,1. ZNL,4/5/2025,Hrvatski Leskovac,NK Hrvatski Leskovac,NK Šparta,1,1,,,,
17:00,Nogomet,1. ZNL,4/5/2025,Prigorje Markuševec,NK Prigorje (M),NK Bubamara,3,1,,,,
17:00,Nogomet,1. ZNL,4/5/2025,Gredice,NK Sava,NK Studentski grad,1,0,,,,
17:00,Nogomet,1. ZNL,4/5/2025,Žerjavinec,NK Prigorje (Ž),NK Concordia,1,7,,,,
17:00,Nogomet,1. ZNL,4/6/2025,Kašina,NK Kašina,NK Zet,1,2,,,,
10:00,Nogomet,1. ZNL,4/6/2025,Buzin,NK Mladost - Buzin,NK Botinec,4,1,,,,
17:00,Nogomet,1. ZNL,4/12/2025,Igralište Pongračevo,NK Šparta,NK Prigorje (M),4,0,,,,
17:00,Nogomet,1. ZNL,4/12/2025,Igralište Hrelić,NK Zelengaj,NK Hrvatski Leskovac,5,0,,,,
17:00,Nogomet,1. ZNL,4/12/2025,SC Savica,NK Zet,NK Kralj Tomislav,1,1,,,,
17:00,Nogomet,1. ZNL,4/12/2025,Brezovica,NK Brezovica,NK Kašina,4,3,,,,
17:00,Nogomet,1. ZNL,4/13/2025,Botinec,NK Botinec,NK Prigorje (Ž),3,4,,,,
17:00,Nogomet,1. ZNL,4/13/2025,Studentski grad,NK Studentski grad,NK Mladost - Buzin,2,1,,,,
17:00,Nogomet,1. ZNL,4/13/2025,,NK Concordia,NK Mala Mlaka,3,0,,,,
17:30,Nogomet,1. ZNL,4/26/2025,SC Savica,NK Zet,NK Prigorje (M),,,,,,
17:30,Nogomet,1. ZNL,4/27/2025,Studentski grad,NK Studentski grad,NK Botinec,,,,,,
17:30,Nogomet,1. ZNL,4/27/2025,,NK Concordia,NK Kašina,,,,,,
18:00,Nogomet,1. ZNL,4/30/2025,SC Savica,NK Kralj Tomislav,NK Šparta,,,,,,
17:30,Nogomet,1. ZNL,4/30/2025,Igralište Hrelić,NK Zelengaj,NK Kašina,,,,,,
17:30,Nogomet,1. ZNL,5/3/2025,Žerjavinec,NK Prigorje (Ž),NK Šparta,,,,,,
17:30,Nogomet,1. ZNL,5/3/2025,Gredice,NK Sava,NK Zet,,,,,,
17:30,Nogomet,1. ZNL,5/3/2025,Prigorje Markuševec,NK Prigorje (M),NK Brezovica,,,,,,
17:30,Nogomet,1. ZNL,5/3/2025,Hrvatski Leskovac,NK Hrvatski Leskovac,NK Mala Mlaka,,,,,,
17:30,Nogomet,1. ZNL,5/3/2025,SC Savica,NK Kralj Tomislav,NK Kašina,,,,,,
17:30,Nogomet,1. ZNL,5/4/2025,Studentski grad,NK Studentski grad,NK Concordia,,,,,,
17:30,Nogomet,1. ZNL,5/4/2025,Botinec,NK Botinec,NK Bubamara,,,,,,
10:00,Nogomet,1. ZNL,5/4/2025,Buzin,NK Mladost - Buzin,NK Zelengaj,,,,,,
17:30,Nogomet,1. ZNL,5/7/2025,,NK Concordia,NK Brezovica,,,,,,
17:00,Nogomet,1. ZNL,5/7/2025,SC Savica,NK Zet,NK Mala Mlaka,,,,,,
17:30,Nogomet,1. ZNL,5/10/2025,SC Savica,NK Zet,NK Mladost - Buzin,,,,,,
17:30,Nogomet,1. ZNL,5/10/2025,Igralište Pongračevo,NK Šparta,NK Botinec,,,,,,
17:30,Nogomet,1. ZNL,5/10/2025,Igralište Hrelić,NK Zelengaj,NK Prigorje (Ž),,,,,,
17:30,Nogomet,1. ZNL,5/10/2025,Prečko,NK Bubamara,NK Studentski grad,,,,,,
17:30,Nogomet,1. ZNL,5/10/2025,Brezovica,NK Brezovica,NK Sava,,,,,,
17:30,Nogomet,1. ZNL,5/10/2025,Nogometno igralište Mala Mlaka,NK Mala Mlaka,NK Prigorje (M),,,,,,
17:30,Nogomet,1. ZNL,5/11/2025,Kašina,NK Kašina,NK Hrvatski Leskovac,,,,,,
17:30,Nogomet,1. ZNL,5/11/2025,,NK Concordia,NK Kralj Tomislav,,,,,,
17:30,Nogomet,1. ZNL,5/14/2025,Prečko,NK Bubamara,NK Concordia,,,,,,
17:30,Nogomet,1. ZNL,5/14/2025,Studentski grad,NK Studentski grad,NK Šparta,,,,,,
17:30,Nogomet,1. ZNL,5/14/2025,Botinec,NK Botinec,NK Zelengaj,,,,,,
17:30,Nogomet,1. ZNL,5/14/2025,Žerjavinec,NK Prigorje (Ž),NK Zet,,,,,,
17:30,Nogomet,1. ZNL,5/14/2025,Buzin,NK Mladost - Buzin,NK Brezovica,,,,,,
17:30,Nogomet,1. ZNL,5/14/2025,Gredice,NK Sava,NK Mala Mlaka,,,,,,
17:30,Nogomet,1. ZNL,5/14/2025,Prigorje Markuševec,NK Prigorje (M),NK Kašina,,,,,,
17:30,Nogomet,1. ZNL,5/14/2025,Hrvatski Leskovac,NK Hrvatski Leskovac,NK Kralj Tomislav,,,,,,
18:00,Nogomet,1. ZNL,5/17/2025,Brezovica,NK Brezovica,NK Prigorje (Ž),,,,,,
18:00,Nogomet,1. ZNL,5/17/2025,Igralište Pongračevo,NK Šparta,NK Bubamara,,,,,,
18:00,Nogomet,1. ZNL,5/17/2025,SC Savica,NK Zet,NK Botinec,,,,,,
18:00,Nogomet,1. ZNL,5/17/2025,Igralište Hrelić,NK Zelengaj,NK Studentski grad,,,,,,
18:00,Nogomet,1. ZNL,5/17/2025,Nogometno igralište Mala Mlaka,NK Mala Mlaka,NK Mladost - Buzin,,,,,,
18:00,Nogomet,1. ZNL,5/17/2025,SC Savica,NK Kralj Tomislav,NK Prigorje (M),,,,,,
18:00,Nogomet,1. ZNL,5/18/2025,,NK Concordia,NK Hrvatski Leskovac,,,,,,
18:00,Nogomet,1. ZNL,5/18/2025,Kašina,NK Kašina,NK Sava,,,,,,
18:00,Nogomet,1. ZNL,5/24/2025,Žerjavinec,NK Prigorje (Ž),NK Mala Mlaka,,,,,,
18:00,Nogomet,1. ZNL,5/24/2025,Prigorje Markuševec,NK Prigorje (M),NK Hrvatski Leskovac,,,,,,
18:00,Nogomet,1. ZNL,5/24/2025,Buzin,NK Mladost - Buzin,NK Kašina,,,,,,
18:00,Nogomet,1. ZNL,5/24/2025,Gredice,NK Sava,NK Kralj Tomislav,,,,,,
18:00,Nogomet,1. ZNL,5/24/2025,Botinec,NK Botinec,NK Brezovica,,,,,,
18:00,Nogomet,1. ZNL,5/24/2025,Studentski grad,NK Studentski grad,NK Zet,,,,,,
18:00,Nogomet,1. ZNL,5/24/2025,Igralište Hrelić,NK Zelengaj,NK Bubamara,,,,,,
18:00,Nogomet,1. ZNL,5/24/2025,Igralište Pongračevo,NK Šparta,NK Concordia,,,,,,
18:00,Nogomet,1. ZNL,5/31/2025,,NK Concordia,NK Prigorje (M),,,,,,
18:00,Nogomet,1. ZNL,5/31/2025,Hrvatski Leskovac,NK Hrvatski Leskovac,NK Sava,,,,,,
18:00,Nogomet,1. ZNL,5/31/2025,SC Savica,NK Kralj Tomislav,NK Mladost - Buzin,,,,,,
18:00,Nogomet,1. ZNL,5/31/2025,Kašina,NK Kašina,NK Prigorje (Ž),,,,,,
18:00,Nogomet,1. ZNL,5/31/2025,Nogometno igralište Mala Mlaka,NK Mala Mlaka,NK Botinec,,,,,,
18:00,Nogomet,1. ZNL,5/31/2025,Brezovica,NK Brezovica,NK Studentski grad,,,,,,
18:00,Nogomet,1. ZNL,5/31/2025,SC Savica,NK Zet,NK Bubamara,,,,,,
18:00,Nogomet,1. ZNL,5/31/2025,Igralište Hrelić,NK Zelengaj,NK Šparta,,,,,,
19:00,Odbojka,Superliga Ž,10/16/2024,,OK Dinamo,ŽOK Osijek,3,0,,,,
20:00,Odbojka,Superliga Ž,10/5/2024,,OK Marina Kaštela,ŽOK Osijek,3,0,,,,
19:00,Odbojka,Superliga Ž,10/5/2024,,HAOK Mladost,ŽOK Dubrovnik,3,0,,,,
16:00,Odbojka,Superliga Ž,10/5/2024,,OK Don Bosco,ŽOK Ribola Kaštela,0,3,,,,
20:00,Odbojka,Superliga Ž,10/5/2024,,OK Kelteks,OK Brda,0,3,,,,
18:00,Odbojka,Superliga Ž,10/12/2024,,ŽOK Osijek,OK Brda,0,3,,,,
18:00,Odbojka,Superliga Ž,10/13/2024,,ŽOK Ribola Kaštela,OK Kelteks,3,0,,,,
20:00,Odbojka,Superliga Ž,10/12/2024,,ŽOK Dubrovnik,OK Don Bosco,3,1,,,,
18:00,Odbojka,Superliga Ž,10/12/2024,,OK Nebo,HAOK Mladost,1,3,,,,
20:00,Odbojka,Superliga Ž,10/12/2024,,OK Dinamo,OK Marina Kaštela,3,0,,,,
17:00,Odbojka,Superliga Ž,10/19/2024,,OK Marina Kaštela,ŽOK Osijek,3,0,,,,
17:00,Odbojka,Superliga Ž,10/19/2024,,HAOK Mladost,OK Dinamo,1,3,,,,
14:00,Odbojka,Superliga Ž,10/20/2024,,OK Don Bosco,OK Nebo,0,3,,,,
20:00,Odbojka,Superliga Ž,10/19/2024,,OK Kelteks,ŽOK Dubrovnik,0,3,,,,
19:30,Odbojka,Superliga Ž,10/20/2024,,OK Brda,ŽOK Ribola Kaštela,2,3,,,,
18:00,Odbojka,Superliga Ž,10/26/2024,,ŽOK Osijek,ŽOK Ribola Kaštela,2,3,,,,
20:00,Odbojka,Superliga Ž,10/25/2024,,ŽOK Dubrovnik,OK Brda,1,3,,,,
18:00,Odbojka,Superliga Ž,10/26/2024,,OK Nebo,OK Kelteks,1,3,,,,
18:00,Odbojka,Superliga Ž,10/26/2024,,OK Dinamo,OK Don Bosco,3,0,,,,
17:00,Odbojka,Superliga Ž,10/26/2024,,OK Marina Kaštela,HAOK Mladost,0,3,,,,
18:30,Odbojka,Superliga Ž,11/2/2024,,HAOK Mladost,ŽOK Osijek,3,1,,,,
20:00,Odbojka,Superliga Ž,11/2/2024,,OK Don Bosco,ŽOK Ribola Kaštela,0,3,,,,
20:00,Odbojka,Superliga Ž,11/2/2024,,OK Kelteks,OK Dinamo,0,3,,,,
19:30,Odbojka,Superliga Ž,11/2/2024,,OK Brda,OK Nebo,1,3,,,,
20:00,Odbojka,Superliga Ž,11/2/2024,,ŽOK Ribola Kaštela,ŽOK Dubrovnik,2,3,,,,
17:00,Odbojka,Superliga Ž,11/9/2024,,ŽOK Osijek,ŽOK Dubrovnik,3,1,,,,
17:00,Odbojka,Superliga Ž,11/9/2024,,OK Nebo,ŽOK Ribola Kaštela,1,3,,,,
17:00,Odbojka,Superliga Ž,11/10/2024,,OK Dinamo,OK Brda,3,0,,,,
17:00,Odbojka,Superliga Ž,11/10/2024,,OK Marina Kaštela,OK Kelteks,3,2,,,,
18:30,Odbojka,Superliga Ž,11/9/2024,,HAOK Mladost,OK Don Bosco,3,1,,,,
15:00,Odbojka,Superliga Ž,11/24/2024,,OK Don Bosco,ŽOK Osijek,2,3,,,,
20:00,Odbojka,Superliga Ž,11/23/2024,,OK Kelteks,HAOK Mladost,1,3,,,,
18:00,Odbojka,Superliga Ž,11/24/2024,,OK Brda,OK Marina Kaštela,3,1,,,,
18:00,Odbojka,Superliga Ž,11/23/2024,,ŽOK Ribola Kaštela,OK Dinamo,2,3,,,,
17:00,Odbojka,Superliga Ž,11/23/2024,,ŽOK Dubrovnik,OK Nebo,3,2,,,,
18:00,Odbojka,Superliga Ž,11/30/2024,,ŽOK Osijek,OK Nebo,0,3,,,,
17:00,Odbojka,Superliga Ž,11/30/2024,,OK Dinamo,ŽOK Dubrovnik,3,0,,,,
17:00,Odbojka,Superliga Ž,11/30/2024,,OK Marina Kaštela,ŽOK Ribola Kaštela,2,3,,,,
18:00,Odbojka,Superliga Ž,11/30/2024,,HAOK Mladost,OK Brda,3,0,,,,
15:00,Odbojka,Superliga Ž,12/1/2024,,OK Don Bosco,OK Kelteks,2,3,,,,
20:00,Odbojka,Superliga Ž,12/14/2024,,OK Kelteks,ŽOK Osijek,1,3,,,,
18:00,Odbojka,Superliga Ž,12/14/2024,,OK Brda,OK Don Bosco,3,0,,,,
18:00,Odbojka,Superliga Ž,12/14/2024,,ŽOK Ribola Kaštela,HAOK Mladost,2,3,,,,
17:00,Odbojka,Superliga Ž,12/13/2024,,ŽOK Dubrovnik,OK Marina Kaštela,1,3,,,,
18:00,Odbojka,Superliga Ž,12/14/2024,,OK Nebo,OK Dinamo,0,3,,,,
18:00,Odbojka,Superliga Ž,1/25/2025,,ŽOK Osijek,OK Dinamo,0,3,,,,
18:00,Odbojka,Superliga Ž,1/25/2025,,OK Nebo,OK Marina Kaštela,3,2,,,,
17:00,Odbojka,Superliga Ž,1/26/2025,,ŽOK Dubrovnik,HAOK Mladost,2,3,,,,
18:00,Odbojka,Superliga Ž,1/25/2025,,ŽOK Ribola Kaštela,OK Don Bosco,3,0,,,,
17:55,Odbojka,Superliga Ž,1/25/2025,,OK Brda,OK Kelteks,2,3,,,,
16:00,Odbojka,Superliga Ž,2/2/2025,,OK Brda,ŽOK Osijek,3,1,,,,
16:00,Odbojka,Superliga Ž,2/2/2025,,OK Kelteks,ŽOK Ribola Kaštela,1,3,,,,
16:45,Odbojka,Superliga Ž,2/1/2025,,OK Don Bosco,ŽOK Dubrovnik,0,3,,,,
18:00,Odbojka,Superliga Ž,2/1/2025,,HAOK Mladost,OK Nebo,3,0,,,,
20:00,Odbojka,Superliga Ž,2/1/2025,,OK Marina Kaštela,OK Dinamo,1,3,,,,
17:00,Odbojka,Superliga Ž,2/8/2025,,ŽOK Osijek,OK Marina Kaštela,3,1,,,,
17:00,Odbojka,Superliga Ž,2/8/2025,,OK Dinamo,HAOK Mladost,0,3,,,,
18:00,Odbojka,Superliga Ž,2/8/2025,,OK Nebo,OK Don Bosco,3,1,,,,
18:00,Odbojka,Superliga Ž,2/8/2025,,ŽOK Dubrovnik,OK Kelteks,3,1,,,,
17:00,Odbojka,Superliga Ž,2/8/2025,,ŽOK Ribola Kaštela,OK Brda,3,0,,,,
17:00,Odbojka,Superliga Ž,2/15/2025,,ŽOK Ribola Kaštela,ŽOK Osijek,3,1,,,,
19:00,Odbojka,Superliga Ž,2/16/2025,,OK Brda,ŽOK Dubrovnik,3,1,,,,
20:00,Odbojka,Superliga Ž,2/15/2025,,OK Kelteks,OK Nebo,0,3,,,,
17:00,Odbojka,Superliga Ž,2/16/2025,,OK Don Bosco,OK Dinamo,0,3,,,,
20:00,Odbojka,Superliga Ž,2/15/2025,,HAOK Mladost,OK Marina Kaštela,3,1,,,,
15:00,Odbojka,Superliga Ž,2/22/2025,,ŽOK Osijek,HAOK Mladost,0,3,,,,
18:00,Odbojka,Superliga Ž,2/22/2025,,OK Marina Kaštela,OK Don Bosco,3,0,,,,
20:30,Odbojka,Superliga Ž,2/22/2025,,OK Dinamo,OK Kelteks,3,1,,,,
18:00,Odbojka,Superliga Ž,2/22/2025,,OK Nebo,OK Brda,3,1,,,,
17:00,Odbojka,Superliga Ž,3/5/2025,,ŽOK Dubrovnik,ŽOK Ribola Kaštela,0,3,,,,
19:00,Odbojka,Superliga Ž,3/2/2025,,ŽOK Dubrovnik,ŽOK Osijek,1,3,,,,
18:00,Odbojka,Superliga Ž,3/1/2025,,ŽOK Ribola Kaštela,OK Nebo,3,0,,,,
18:00,Odbojka,Superliga Ž,3/2/2025,,OK Brda,OK Dinamo,1,3,,,,
19:00,Odbojka,Superliga Ž,3/1/2025,,OK Kelteks,OK Marina Kaštela,1,3,,,,
17:00,Odbojka,Superliga Ž,3/1/2025,,OK Don Bosco,HAOK Mladost,0,3,,,,
17:00,Odbojka,Superliga Ž,3/8/2025,,ŽOK Osijek,OK Don Bosco,3,1,,,,
18:00,Odbojka,Superliga Ž,3/9/2025,,HAOK Mladost,OK Kelteks,3,0,,,,
19:00,Odbojka,Superliga Ž,3/9/2025,,OK Marina Kaštela,OK Brda,1,3,,,,
17:00,Odbojka,Superliga Ž,3/9/2025,,OK Dinamo,ŽOK Ribola Kaštela,3,1,,,,
18:00,Odbojka,Superliga Ž,3/8/2025,,OK Nebo,ŽOK Dubrovnik,3,0,,,,
18:00,Odbojka,Superliga Ž,3/15/2025,,OK Nebo,ŽOK Osijek,3,1,,,,
20:00,Odbojka,Superliga Ž,3/15/2025,,ŽOK Dubrovnik,OK Dinamo,0,3,,,,
18:00,Odbojka,Superliga Ž,3/15/2025,,ŽOK Ribola Kaštela,OK Marina Kaštela,3,2,,,,
15:00,Odbojka,Superliga Ž,3/16/2025,,OK Brda,HAOK Mladost,1,3,,,,
20:00,Odbojka,Superliga Ž,3/15/2025,,OK Kelteks,OK Don Bosco,3,1,,,,
18:00,Odbojka,Superliga Ž,3/22/2025,,ŽOK Osijek,OK Kelteks,3,1,,,,
20:00,Odbojka,Superliga Ž,3/22/2025,,OK Don Bosco,OK Brda,0,3,,,,
17:30,Odbojka,Superliga Ž,3/26/2025,,HAOK Mladost,ŽOK Ribola Kaštela,3,0,,,,
20:00,Odbojka,Superliga Ž,3/22/2025,,OK Marina Kaštela,ŽOK Dubrovnik,3,0,,,,
18:00,Odbojka,Superliga Ž,3/23/2025,,OK Dinamo,OK Nebo,2,3,,,,
18:00,Odbojka,Superliga M,10/5/2024,,OK Cratis Varaždin,MOK Marsonia,0,3,,,,
16:15,Odbojka,Superliga M,10/5/2024,,MOK Rijeka,OK Sisak,3,0,,,,
17:00,Odbojka,Superliga M,10/5/2024,,OK Ribola Kaštela,HAOK Mladost,2,3,,,,
19:30,Odbojka,Superliga M,10/5/2024,,OK Rovinj,OKM Centrometal,0,3,,,,
17:00,Odbojka,Superliga M,10/5/2024,,MOK Mursa Osijek,OK Split,3,1,,,,
16:00,Odbojka,Superliga M,10/12/2024,,MOK Marsonia,OK Split,3,1,,,,
17:00,Odbojka,Superliga M,10/12/2024,,OKM Centrometal,MOK Mursa Osijek,3,1,,,,
15:00,Odbojka,Superliga M,10/12/2024,,HAOK Mladost,OK Rovinj,3,0,,,,
15:00,Odbojka,Superliga M,10/12/2024,,OK Sisak,OK Ribola Kaštela,0,3,,,,
18:00,Odbojka,Superliga M,10/12/2024,,OK Cratis Varaždin,MOK Rijeka,2,3,,,,
17:00,Odbojka,Superliga M,10/19/2024,,MOK Rijeka,MOK Marsonia,1,3,,,,
20:00,Odbojka,Superliga M,10/19/2024,,OK Ribola Kaštela,OK Cratis Varaždin,3,1,,,,
19:00,Odbojka,Superliga M,10/19/2024,,OK Rovinj,OK Sisak,3,0,,,,
18:00,Odbojka,Superliga M,10/21/2024,,MOK Mursa Osijek,HAOK Mladost,0,3,,,,
17:00,Odbojka,Superliga M,10/20/2024,,OK Split,OKM Centrometal,0,3,,,,
20:00,Odbojka,Superliga M,10/26/2024,,MOK Marsonia,OKM Centrometal,2,3,,,,
15:00,Odbojka,Superliga M,10/26/2024,,HAOK Mladost,OK Split,3,0,,,,
17:00,Odbojka,Superliga M,10/26/2024,,OK Sisak,MOK Mursa Osijek,1,3,,,,
18:00,Odbojka,Superliga M,10/26/2024,,OK Cratis Varaždin,OK Rovinj,3,0,,,,
17:00,Odbojka,Superliga M,10/26/2024,,MOK Rijeka,OK Ribola Kaštela,0,3,,,,
17:00,Odbojka,Superliga M,11/2/2024,,OK Ribola Kaštela,MOK Marsonia,3,1,,,,
18:00,Odbojka,Superliga M,11/2/2024,,OK Rovinj,MOK Rijeka,3,2,,,,
17:00,Odbojka,Superliga M,11/2/2024,,MOK Mursa Osijek,OK Cratis Varaždin,3,0,,,,
17:00,Odbojka,Superliga M,11/2/2024,,OK Split,OK Sisak,3,0,,,,
17:00,Odbojka,Superliga M,11/2/2024,,OKM Centrometal,HAOK Mladost,0,3,,,,
20:00,Odbojka,Superliga M,11/9/2024,,MOK Marsonia,HAOK Mladost,0,3,,,,
18:00,Odbojka,Superliga M,11/9/2024,,OK Sisak,OKM Centrometal,0,3,,,,
15:00,Odbojka,Superliga M,11/9/2024,,OK Cratis Varaždin,OK Split,3,1,,,,
18:00,Odbojka,Superliga M,11/9/2024,,MOK Rijeka,MOK Mursa Osijek,0,3,,,,
18:00,Odbojka,Superliga M,11/9/2024,,OK Ribola Kaštela,OK Rovinj,3,0,,,,
18:00,Odbojka,Superliga M,11/23/2024,,OK Rovinj,MOK Marsonia,0,3,,,,
16:00,Odbojka,Superliga M,11/23/2024,,MOK Mursa Osijek,OK Ribola Kaštela,2,3,,,,
17:00,Odbojka,Superliga M,11/23/2024,,OK Split,MOK Rijeka,1,3,,,,
18:00,Odbojka,Superliga M,11/23/2024,,OKM Centrometal,OK Cratis Varaždin,3,0,,,,
15:30,Odbojka,Superliga M,11/23/2024,,HAOK Mladost,OK Sisak,3,0,,,,
17:00,Odbojka,Superliga M,11/30/2024,,MOK Marsonia,OK Sisak,3,0,,,,
18:00,Odbojka,Superliga M,11/30/2024,,OK Cratis Varaždin,HAOK Mladost,0,3,,,,
17:00,Odbojka,Superliga M,12/1/2024,,MOK Rijeka,OKM Centrometal,0,3,,,,
20:00,Odbojka,Superliga M,11/30/2024,,OK Ribola Kaštela,OK Split,3,0,,,,
18:00,Odbojka,Superliga M,11/30/2024,,OK Rovinj,MOK Mursa Osijek,0,3,,,,
20:00,Odbojka,Superliga M,12/14/2024,,MOK Mursa Osijek,MOK Marsonia,3,1,,,,
17:00,Odbojka,Superliga M,12/14/2024,,OK Split,OK Rovinj,1,3,,,,
16:00,Odbojka,Superliga M,12/14/2024,,OKM Centrometal,OK Ribola Kaštela,1,3,,,,
17:00,Odbojka,Superliga M,12/14/2024,,HAOK Mladost,MOK Rijeka,3,0,,,,
19:30,Odbojka,Superliga M,12/13/2024,,OK Cratis Varaždin,OK Sisak,3,0,,,,
18:00,Odbojka,Superliga M,1/25/2025,,MOK Marsonia,OK Cratis Varaždin,3,1,,,,
18:00,Odbojka,Superliga M,1/25/2025,,OK Sisak,MOK Rijeka,3,0,,,,
17:00,Odbojka,Superliga M,1/25/2025,,HAOK Mladost,OK Ribola Kaštela,3,1,,,,
17:00,Odbojka,Superliga M,1/25/2025,,OKM Centrometal,OK Rovinj,3,0,,,,
18:00,Odbojka,Superliga M,3/12/2025,,OK Split,MOK Mursa Osijek,0,3,,,,
17:00,Odbojka,Superliga M,2/1/2025,,OK Split,MOK Marsonia,2,3,,,,
20:00,Odbojka,Superliga M,2/2/2025,,MOK Mursa Osijek,OKM Centrometal,3,0,,,,
17:00,Odbojka,Superliga M,2/1/2025,,OK Rovinj,HAOK Mladost,0,3,,,,
15:00,Odbojka,Superliga M,2/1/2025,,OK Ribola Kaštela,OK Sisak,3,0,,,,
18:00,Odbojka,Superliga M,2/1/2025,,MOK Rijeka,OK Cratis Varaždin,3,1,,,,
19:00,Odbojka,Superliga M,2/8/2025,,MOK Marsonia,MOK Rijeka,2,3,,,,
20:00,Odbojka,Superliga M,2/8/2025,,OK Cratis Varaždin,OK Ribola Kaštela,1,3,,,,
18:00,Odbojka,Superliga M,2/8/2025,,OK Sisak,OK Rovinj,3,2,,,,
20:30,Odbojka,Superliga M,2/9/2025,,HAOK Mladost,MOK Mursa Osijek,3,1,,,,
15:00,Odbojka,Superliga M,2/9/2025,,OKM Centrometal,OK Split,3,1,,,,
17:00,Odbojka,Superliga M,2/15/2025,,OKM Centrometal,MOK Marsonia,3,1,,,,
17:00,Odbojka,Superliga M,2/15/2025,,OK Split,HAOK Mladost,0,3,,,,
16:00,Odbojka,Superliga M,2/15/2025,,MOK Mursa Osijek,OK Sisak,3,1,,,,
20:00,Odbojka,Superliga M,2/15/2025,,OK Rovinj,OK Cratis Varaždin,1,3,,,,
20:00,Odbojka,Superliga M,2/15/2025,,OK Ribola Kaštela,MOK Rijeka,3,0,,,,
17:00,Odbojka,Superliga M,2/22/2025,,MOK Marsonia,OK Ribola Kaštela,0,3,,,,
18:00,Odbojka,Superliga M,2/22/2025,,MOK Rijeka,OK Rovinj,3,0,,,,
18:00,Odbojka,Superliga M,2/22/2025,,OK Cratis Varaždin,MOK Mursa Osijek,0,3,,,,
18:00,Odbojka,Superliga M,2/22/2025,,OK Sisak,OK Split,3,1,,,,
15:30,Odbojka,Superliga M,2/22/2025,,HAOK Mladost,OKM Centrometal,3,0,,,,
17:00,Odbojka,Superliga M,3/1/2025,,HAOK Mladost,MOK Marsonia,3,0,,,,
17:00,Odbojka,Superliga M,3/1/2025,,OKM Centrometal,OK Sisak,3,0,,,,
16:00,Odbojka,Superliga M,3/1/2025,,OK Split,OK Cratis Varaždin,2,3,,,,
14:00,Odbojka,Superliga M,3/1/2025,,MOK Mursa Osijek,MOK Rijeka,3,1,,,,
17:30,Odbojka,Superliga M,3/1/2025,,OK Rovinj,OK Ribola Kaštela,0,3,,,,
16:30,Odbojka,Superliga M,3/8/2025,,MOK Marsonia,OK Rovinj,3,0,,,,
16:00,Odbojka,Superliga M,3/9/2025,,OK Ribola Kaštela,MOK Mursa Osijek,2,3,,,,
18:30,Odbojka,Superliga M,3/8/2025,,MOK Rijeka,OK Split,3,0,,,,
15:00,Odbojka,Superliga M,3/8/2025,,OK Cratis Varaždin,OKM Centrometal,0,3,,,,
17:00,Odbojka,Superliga M,3/8/2025,,OK Sisak,HAOK Mladost,0,3,,,,
19:00,Odbojka,Superliga M,3/16/2025,,OK Sisak,MOK Marsonia,0,3,,,,
17:00,Odbojka,Superliga M,3/15/2025,,HAOK Mladost,OK Cratis Varaždin,3,1,,,,
17:30,Odbojka,Superliga M,3/15/2025,,OKM Centrometal,MOK Rijeka,3,1,,,,
16:00,Odbojka,Superliga M,3/16/2025,,OK Split,OK Ribola Kaštela,0,3,,,,
17:00,Odbojka,Superliga M,3/16/2025,,MOK Mursa Osijek,OK Rovinj,3,0,,,,
20:00,Odbojka,Superliga M,3/26/2025,,MOK Marsonia,MOK Mursa Osijek,3,0,,,,
18:00,Odbojka,Superliga M,3/22/2025,,OK Rovinj,OK Split,3,2,,,,
17:00,Odbojka,Superliga M,3/22/2025,,OK Ribola Kaštela,OKM Centrometal,3,0,,,,
20:00,Odbojka,Superliga M,3/26/2025,,MOK Rijeka,HAOK Mladost,0,3,,,,
20:00,Odbojka,Superliga M,3/21/2025,,OK Sisak,OK Cratis Varaždin,1,3,,,,
13:00,Ragbi,KUP PH za Seniore,3/22/2025,"""Igralište RK Nada """"Stari Plac""""""",RK Nada,RK Sinj,20,22,,,,
14:00,Ragbi,KUP PH za Seniore,3/22/2025,Ragbi centar Rudeš,RK Zagreb,HARK Mladost,38,33,,,,
15:00,Ragbi,PH Seniori,9/14/2024,Ragbi centar Rudeš,RK Zagreb,HARK Mladost,0,29,,,,
15:00,Ragbi,PH Seniori,9/21/2024,Sinj,RK Sinj,HARK Mladost,35,0,,,,
14:00,Ragbi,PH Seniori,9/28/2024,"""Igralište RK Nada """"Stari Plac""""""",RK Nada,RK Sinj,3,27,,,,
14:00,Ragbi,PH Seniori,10/5/2024,Sinj,RK Sinj,RK Zagreb,66,5,,,,
14:00,Ragbi,PH Seniori,10/5/2024,Sportski park Mladost,HARK Mladost,RK Nada,31,20,,,,
14:00,Ragbi,PH Seniori,10/12/2024,"""Igralište RK Nada """"Stari Plac""""""",RK Nada,RK Zagreb,80,24,,,,
14:30,Ragbi,PH Seniori,10/19/2024,Ragbi centar Rudeš,RK Zagreb,RK Nada,20,23,,,,
15:00,Ragbi,PH Seniori,12/7/2024,Sinj,RK Sinj,RK Nada,12,38,,,,
15:00,Ragbi,PH Seniori,3/29/2025,Sinj,RK Sinj,RK Nada,39,12,,,,