Team Name,Kategorija,Sport,Team Logo,Members,Wins,Losses,Draws,Total Points,Team Record,Tournaments Participated,Matches (Home Team),Matches (Away Team)
HK Jedinstvo,"Seniori,Kadeti,Kadetkinje,Mlađi kadeti,Veterani",Hokej na travi,jedinstvo.png (https://v5.airtableusercontent.com/v3/u/40/40/1745618400000/44YvZ4pQiM7FcJP8AHmA4g/jk6jhE_4Z7ylO37lN5s7--fwtx3U7hZ7Ea1KRelp0ozQmusbpGWiE_GVZ0STaKHA3BpZokVQa64e0uTM0VOTuNlabK-EzhwLs6GTbOWq5pXtKzS8bGaewgf9uRnwV3CHECS0ERXQeA-FTkvCcf70Ue2KvLq9FhiqfjIPVRCQwNU/zpyg7pBg3_GcJpQWPiIzeHt8iEVUukXYIQSGEpTlEg4),,,,,,,,"16:00,19:00,16:00,10:30,11:30,12:15,10:00,9:30,10:30,20.30,16:00,19:00,14:30,10:00,19:45,16:00,17:00,11:00,13:00,12:00,12:00,11:00","16:00,12:00,11:00,15:00,17:00,18:00,15:30,13:30,13:00,9:30,10:00,12:15,13:00,10:00"
HK Marathon,"Seniori,Veterani",Hokej na travi,khk marathon.png (https://v5.airtableusercontent.com/v3/u/40/40/1745618400000/Muck49ebv0rp9MN1hLup-A/KXnxLyk9572NhvZp5-mZx7VAm3czlbqAg1YucsgP17pHMy66u7LVrtvEjvlKa8ucHj82AOSw6ufiT0IngU9thHw-oh_RXMxpy6HLxf-zKl17fwwZmsQar3tK6g6fbWGDppdsmOcsKA47TN7k4OU9SYmQSxrS9w55Fkg2WVVLQ2Y/5wr0ClXE55AXDy02_Ur-syftJSb6FlB3aFKRYxgBjfQ),,,,,,,,"18:00,11:30,17:30,17:00,18:00,19:30","16:00,9:30,18:30,18:00,18:30,15:00"
HK Trešnjevka,"Seniori,Seniorke,Mlađi kadeti,Veterani",Hokej na travi,trešnjevka hk.png (https://v5.airtableusercontent.com/v3/u/40/40/1745618400000/iBsETmOdaJJh7dMyq0ZZ3w/K9gUwArZ4TZIrPewi1W3k8UWuiaRXDsq3qZGoBrT7SLPlfBSA1PnlHFMceWhyejllgO9XgDvPBhy_PkiC3Dy_xh1RCil0b4WAUKGykYAo5BFVDT-83TkfXJAS-lvy_-93gDITrwpdZ8mo4qiGkW_7X_KJ3QSj1U1Z2H8jv1sziI/-Kl-Nc2Q_XstKgP1eSUq9P9bwK-3Kajk2bBaKEROKQg),,,,,,,,"18:00,16:00,18:00,14:30,11:45,9:30,15:00,16:30,15:00,18:00,15:00,17:00,12:15,20:45,14:00,11:00","16:00,15:30,10:00,10:30,17:00,16:00,18:30,14:30,16:00,16:00,15:00,11:00,16:00,17:30,13:30,14:30,13:30,11:00"
HK Concordia 1906,"Seniori,Kadeti,Mlađi kadeti,Veterani",Hokej na travi,concordia.png (https://v5.airtableusercontent.com/v3/u/40/40/1745618400000/aR7Hfvv2cN430fsYsaklfw/LFpyEu_X0ryZCvym59PQ7dfhsCV7iDCBmB3GZmAsGilLMP16jbM96KVcY4PLU8LCr-Jq06nnE0FGZCnHx9IgD5hUmeiSGaGswR2rgmozwCGaBhEL9aQXv3XxyHubY4AHS9c_BjRArOduTIxZi0Gm_da3JkudYJWbQsrWiavixN8/qB-pWQXApTD1Sk0U2N51Irp6kA_6mcrPXjI3mwm1jpw),,,,,,,,"15:00,14:00,10:00,11:00,18:45,16:00,18:30,15:30,13:30,12:45,18:00,13:30,14:30,13:30,12:30","18:00,18:00,13:00,11:45,10:30,11:30,20.30,19:30,20:00,14:15,12:30,17:00,12:30,10:00,12:00,11:00"
HAHK Mladost,"Seniori,Seniorke,Kadeti,Kadetkinje,Mlađi kadeti,Veterani",Hokej na travi,mladost.png (https://v5.airtableusercontent.com/v3/u/40/40/1745618400000/vNavCF6X7GCIr9MAn47F3w/tqDpSblH8fYlGJfbyvuJZCGQ6QAxS6cpaSdRaLc4abenRgIuh73zwTvN517nqyKrui6pEx8jHgOrnmuH4_kDHeymqt-7ZMsmSCQ5gSAZbCNj6oEwh3buL6mnBZM0MdzVbWoYazDtfFYHrwODAaYGnCIYvcCIwGtEVmVcOSmcrkQ/CRjIF7yVtE5ZP5epeX_EFYjg-aAIDxm1zizOR-bysxA),,,,,,,,"19:00,16:30,16:00,11:00,12:00,11:00,10:30,18:30,19:30,18:30,17:00,15:00,16:00,16:00,20:45,12:30,12:30,9:30,20:45,14:30,13:00","19:00,16:00,18:00,14:00,10:00,10:30,14:30,10:00,9:30,19:00,16:30,19:00,19:30,18:00,15:00,14:30,17:00,12:30,16:00,13:00,10:30,14:30,12:00,10:00,9:30"
HK Zrinjevac,"Seniori,Seniorke,Kadeti,Mlađi kadeti",Hokej na travi,zrinjevac.jpg (https://v5.airtableusercontent.com/v3/u/40/40/1745618400000/HKkmujow8ba_6vCtazkatg/yl5y2QxqPYuUULewvPl-dDIHdCLkWHa81xN1kwi-drgsmkmwUTPdBtl_3hTT-RSjFktTlw_g87BleIqmpNWEcb6Soz7-J_HteHsSBiSLHLNJFgxTA2ihNyimdC4yIeURWYLqHZl1kKewEAdGqwhq7ufXIRYkCHEh22rvyF6OswY/9GW-fJxhdN0TwZ6ylix1nFrHrZn4cj8PpzzR43fA_Rw),,,,,,,,"16:00,15:30,13:00,10:00,16:30,14:30,15:00,16:00,17:30,14:30,14:00,17:00,13:00,20:45,11:00,12:30,13:00,10:00,13:00","19:00,17:00,16:30,14:00,12:15,11:00,17:30,18:45,16:00,15:00,17:00,17:00,17:00,14:00,12:30,18:00,11:00,20:45,10:00,12:30"
HK Zelina,"Seniori,Seniorke,Kadeti,Kadetkinje,Mlađi kadeti",Hokej na travi,HK zelina.jpg (https://v5.airtableusercontent.com/v3/u/40/40/1745618400000/d8LYwrs-vKsqxZmH0syzlA/X3JJmGBhfya-8SylJqX7OEc9oKS1Wtm0zo7zITjt9CywA9os4hcbRxq4QWgZCR_N7ZFzOpcf6yT30YYSGqyzMLP2Zg1l60wTcFW0YMxiEAj2tZeOFO5fIEW0YEvqKTPbhwZSggIBo3n5OVkZ9diBb5x3DcfXFMP2VVGinavnNvo/bjRdA8UY09w4d5229mIYhQd4zuilclpR4MbxFkgDsAo),,,,,,,,"17:00,18:00,16:00,10:00,10:00,11:00,19:00,17:00,18:00,20:00,16:00,17:00,15:00,11:00,17:30,14:00,12:30,10:00,10:30,11:00,10:00,10:00,9:30","15:00,18:00,16:00,11:00,11:30,10:00,10:00,16:30,14:30,15:00,17:30,16:00,14:00,12:45,19:45,13:00,11:00,11:00,20:45,14:00,11:30,13:00"
HK Mladost 2,Kadeti,Hokej na travi,mladost.png (https://v5.airtableusercontent.com/v3/u/40/40/1745618400000/r2G7Aahk8T7HBydo722U3Q/j-w7rqc7h4i6ah_w8qNtSUwAAhxjFRl81C5jcn4WUbX81LI_G7Ra877QKMqAmkWjm9XEfb8xk-eXoAq1EjvNt83SeiD91_EiZfM9wmQcvN2-TfbG2V4Ty6itUREGLW7fmbf2YdBQSF9b3lyd6L88I1sleQT_1Z0nOA9FT-C52ds/Z9RE9QfyNJNdmfP8FaqFxNNqWOm-g3TFr6pFutZvXUY),,,,,,,,"14:00,10:00,14:15,13:00,13:00,13:30,10:00,11:30,11:00","16:00,10:00,11:00,20:45,10:00,20:45,13:30,13:00,13:00,11:00"
ŠK Sesvete-Agroproteinka,1. seniorska liga,Šah,agro.png (https://v5.airtableusercontent.com/v3/u/40/40/1745618400000/kMDMvGSBpv7zJ6XXFbOjdA/Cxt16I9aeaM1pfMiPQk7aGdvwoI46edeVtIkUPvCDnsVbfJf9qEbEnNL4AupD_8P-dwQFu15s830GpprlaeJXgwMXFdx4YA3A1Hl11v2wy33drzssYDCN-2iFK39uPgB2pdOT6ffuuK3lzPhS7qaKQ/v1dH3-hTdXLhZMi5D_Hcr294_TUjvqEYZOZTRwrZqCU),,,,,,,Kup Grada Zagreba 2025.,,
ŠK Novi Zagreb,1. seniorska liga,Šah,ŠK Novi Zagreb.jpg (https://v5.airtableusercontent.com/v3/u/40/40/1745618400000/cf7h81aCy0eILB3tsX4m3A/drQ-6lsy1KQMTtJAXXC9m4vbwaJ7_QmcBLPSSKaQNvdCtR7fPpz0la6hb4d0slmJPGc2iV4yxeeZiPMK7aohz5LirAQFEjuhqqajFtRhyEiZGv1C9-4ixcKaY38wQe905lFIBkMU0BCSr08mj43zPdRq08CrT37K8ZovgvA9yXY/Kb7PwPGLlMa7_IFAqYHIE-YpPGzffTsIb61n-5Z0W_M),,,,,,,Kup Grada Zagreba 2025.,,
ŠKRM Caissa,"1. seniorska liga,2. seniorska liga Centar",Šah,ŠK Caissa.jpg (https://v5.airtableusercontent.com/v3/u/40/40/1745618400000/keI4iZ9lrCpJnD5Gnse63Q/nohe7yN9L8Um1CSXVOxHJAIeTMUMLBfV3OzUDycbftYD0u-2sRD6jgBB3u_kMUewUD9t1SYJanVUSvEV3ybwfi2HvfL1gmoaNPkI6on9kWG0yhDVthYzhDgi9zLwTkqbGQ3i9L37ddAYnF6XlqMhMCuWbh0HugGTS_jXK4R3ltI/HIEnNOeQWwfFXPq6zPcaiYE0RfMsD-hTkIw6NYTatwI),,,,,,,Kup Grada Zagreba 2025.,,
ŠK Stjepan Bosak-URIHO,2. seniorska liga Centar,Šah,uriho.png (https://v5.airtableusercontent.com/v3/u/40/40/1745618400000/uusGcVc16jbOIgWhVOhGCg/5188tkNqBbuDMghSw6n_XsNHDRwI49r3GEIh-3UisYi25oNqUBvwCPYVTl4W7iHBeYqI0QbSVDod6km1sjWOoRmg05nKX8_-9oWFGPJV6ZGhZljIO5iuh9ydstnnjbJWFmWyxstQkKWhM2E82ejoRQ/LjM3ek4OqIEh70eLUIfWp7o3_W7onCQYl6oRB0i6gho),,,,,,,Kup Grada Zagreba 2025.,,
ŠK Odra,3. seniorska liga Centar A,Šah,odra.jpg (https://v5.airtableusercontent.com/v3/u/40/40/1745618400000/PSVmWdA4rq3KJoIgR-SOcw/tScyIrEMdK5q80KiJrKK6p6-sl0i_ipvxNsf5wmQ4vitdcUd2hUyubcnCIHD4Xlu7tRYLdAHscaz0ff6-2GLYCE5JBTB-fPTU8xVSa0siqXQ2Fhf9zzbENoe82EGFDZid1AHEWTTnPphy2LBjBD4sQ/ohL2UNXmMo54VRNF-Ku7Si9I31n0_EHxCOeQlBO-qqo),,,,,,,Kup Grada Zagreba 2025.,,
ŠK Špansko,3. seniorska liga Centar A,Šah,špansko.jpg (https://v5.airtableusercontent.com/v3/u/40/40/1745618400000/LvhiAqCIhWuLJ7dtfXZH7w/sNofPIxIZcMIydGilbGJZscL6Q490XZuamDvIp-xdHPVzQStzd4Gb55uA8dHVjzkivzCFgjh9jJq2pnJZq-s99Hx5r837NSeyp4luP32ou29p-uTFdpinyF2HEUb_vh00FwiXQ2SbVJt6_D-usaP1s_TLootkyc4L2Y_Np540O8/0sRlHRJxKa0-Imu6seDGoFCVNYijm8FLfznxrYQI0R8),,,,,,,Kup Grada Zagreba 2025.,,
ŠK AER,4. seniorska liga Centar A,Šah,aer.jpg (https://v5.airtableusercontent.com/v3/u/40/40/1745618400000/kj6vPxqMYFkXk9OEgy7kOQ/sWOanZSABY1-nWeucxKLw2BW9KtJ4N6W-BNgDbxCRtixP97-QLUM5eMwJxTO1JrHmuebHwylOvkaKm1hbrro6YnL8jEFVwjdquUXevftJVIC2eJ3zVObiYxUFvrQ7K93UP22s78eVacUxPtlRdKuOg/gMJst0V8W3tEBArt8Goi40hdG4h7ftQkv-c-pu4rVdg),,,,,,,Kup Grada Zagreba 2025.,,
ŠK Prigorje,4. seniorska liga Centar A,Šah,prigorje.png (https://v5.airtableusercontent.com/v3/u/40/40/1745618400000/TbPX6Gs4n-D_fTzGhpQXQA/td98SbyKjPhbKm57UcE7KZi8Kyezal_s2iffbQ43xCmndO5RSiTXQIeZJSR0DqGUwk-MGLc8bRR6v3i-YXqKUf0wumaGq_7nEtW9WH-yY8xAc5Hrhem3qyQfJYgBZsG5HNGSp7vHyzW5UgN3UYnTGuMCZEtymNPT_gasyk1ozO0/HTLa0eEmLFuHNWplBsPJnqNsah6U-r_A3t4lOxdRhyM),,,,,,,Kup Grada Zagreba 2025.,,
"ŠK Vrustun 1252, Vurnovec",4. seniorska liga Centar A,Šah,vrustun.jpg (https://v5.airtableusercontent.com/v3/u/40/40/1745618400000/YcitMA0-f0uMZt2ZMFoalg/7Nk0wlP-Vg7DTslaxED7yFMZS5VchyC7f3wBkajV1knKRuXUOXiy8ow5X6BoD0rdr3rzt24gquqIVDXC3lXAed3yY5i7KR-0mjW_kEWr9eymyqijQqv33dKkdtny5nEuZQXPTiqBaKcUa52Mc3nE2NIXC85l118VZgKV7HU-qvo/TiVBOJZhH8g4-Aisaji3VaZ64SfzERFUe1K4TtMpaRg),,,,,,,Kup Grada Zagreba 2025.,,
ŠK SIlent,4. seniorska liga Centar A,Šah,silent.png (https://v5.airtableusercontent.com/v3/u/40/40/1745618400000/_53OEhhRAAksKYRaHplIbQ/FI3Cb46-TqvyyLuHnj89mXQxkQ4tsLGQt5RLEwhXs9gpEINPqvhZb8xwMEJ2P9_6LuJGyYabhNQyLyELtfdO-tHtC533s8v4-c3G8ZTehdavsWlT7XFs7E_IbYwO2HwQafjJa7JNR6fEQn9WNS3I8UIGsEgp6hwpQzV8xTOYEoo/ol3RPXBS-9xNqlBBn96pnABFZeShv0-11GO-wsJ1BzA),,,,,,,Kup Grada Zagreba 2025.,,
ŠK Podsused,4. seniorska liga Centar A,Šah,podsused.png (https://v5.airtableusercontent.com/v3/u/40/40/1745618400000/y7zYmvcqPt4kVYa5pVtgag/G328OyopujeHSMrMez1Mdl3Fjh4Vc7uk1SoCgYnQAkLGmHpM5gbGE48zehplC9rzrjtV32g1z_gLAz3FNyHMazctADlaQ-qs2IRz0GIqY5x8qq-ILs9bLcbIZ5ZUFhLIhZPQ_Vh-a6fzAbQNAW7kiPSo8JsR4b7hIoWhLxFzjPE/SipwjDDwhjmOwihpKfMaU5XkUFo5nAjrPEBdNR5qA14),,,,,,,Kup Grada Zagreba 2025.,,
ŠK INA,4. seniorska liga Centar A,Šah,ina.png (https://v5.airtableusercontent.com/v3/u/40/40/1745618400000/DbtWxodKgKdItDRKJk5pTQ/WfAmnPsMdqeZWEjnLZx4hgA3mWburGHdE58m6jzx9U_-AEJX99n59U4m5QUoskvd24eeTZVHt_Z-Ky03LredT70VdjyQFGZJ65sbVFMMNoR6agbDhYTqt6Y8YVlaOBvYhxDkE7KS1PKDG2jRdvIo2g/jsD9Pr_6AKUr_ib6iDX_K8zIUXkGNu_7fFIA544sbUQ),,,,,,,Kup Grada Zagreba 2025.,,
ŠK Končar,4. seniorska liga Centar A,Šah,ŠK Končar.jpg (https://v5.airtableusercontent.com/v3/u/40/40/1745618400000/8QWmpPCotnz3nXO0BNUZ8Q/8o3tXaNCU_3irgRGauGPw0iPptkIo0_Pq5BrhXcZlX5wuZZNiCj4PBPkW5nfEloJMSCTZMhH0-b3QPJNCWuSLKS49unPMjBn_iSfCSFeb9BINTxBzwWE_ApSP1ZgRJdOxEfXNREK7XsLqPjDwcCqpPBrr6DanrV1ac3I4IG_g7s/HnzKvqjtic5DTe4v1pAYzQcMAjuqzgdNvewzch6_vCA),,,,,,,Kup Grada Zagreba 2025.,,
ŠK Travno,4. seniorska liga Centar A,Šah,travno.png (https://v5.airtableusercontent.com/v3/u/40/40/1745618400000/4z4Ea6uIoPv8hE4KKCVh0w/ajYYrADWXsT14J5SWkWlLW-mj_P-Hfpd2by3sotwAVemwLN8CRQeYIRP_AFR8hlT8GQPDdAaN3ZVeRnOmjiwuzdLHPmAr6dkWN--fuenhXiGm2aPCpZe4hIMxDRGEJdLWZVAToDOkwud5IO8rBQWJWNA3fb7hsZFpcjdhWcfsSQ/AiVqrVUIgsAKFBWdBDqFyiW4-_BZ9d74Z_ajFR9QEzY),,,,,,,Kup Grada Zagreba 2025.,,
ŠK Erisccon-Nikola Tesla,5. seniorska liga Centar A,Šah,eriscon.png (https://v5.airtableusercontent.com/v3/u/40/40/1745618400000/rt4hQYVM-aaUTglfTXKzzg/EK-O8n63bvKwEPSKVAAz2T3WjIcRock7R6zDRbg9OS06UFnS3JUopQ2c9iNOfh57iCNhZxWl2kRdr-O6cZA4F29COJcASuu014bQ2WuYPEUwHBVMkyUPH6uSmIhJ912-iFCNbFJovkzUDAKPiH1MnODRRaB1RmRfA4a718uYNaU/NR-92zdtWniZmYArwzlwM9Hn8mUDL9AehQNOrBEvQfY),,,,,,,Kup Grada Zagreba 2025.,,
ŠKS Polet,5. seniorska liga Centar A,Šah,polet.jpg (https://v5.airtableusercontent.com/v3/u/40/40/1745618400000/Dfh4F3Q_u0xK0V_qM9DFmw/8wcw9d7_BFXljURCoIRC2-EWokSn9_gPsMFhrW1yChnPI075qCl36mT1g-1Sf6wqWxXSs0aXpQzhSVZG5jQfwUJsiDiBUy0xKRMzjBDh4z3BJJm6Bpmxp-HHdP3jTsc2gr9i7LSSAAZyyXgNymqxCQ/5FFTaQB3IH81Qm-3YrmQVAhD1t2relMminzgq0rHUWg),,,,,,,Kup Grada Zagreba 2025.,,
HAŠK,5. seniorska liga Centar A,Šah,mladost šah.png (https://v5.airtableusercontent.com/v3/u/40/40/1745618400000/_GhBGEO20_GdkwJzBfgENw/PocKaqO3BdzAax1SAXAj-31n-qlV52CkP7CTvLZcYLxw9mpuGfssnOAbQN-sZCRs6dfMZkC6HuE73yXLOcg5czhZejVuVpRLNfujUJ_W_1i4ziLmeagWX0c-bRBmUkAhsTwbQvxQMH7yHkcoz639Z2y9xSZCsbRDDyMJprmyu94/AKvHSW63fMF79s-EROzLyXulq5SeMOymjdiBuPRE5Bs),,,,,,,Kup Grada Zagreba 2025.,,
ŠK Maksmir,5. seniorska liga Centar A,Šah,ŠK Maksmimir.jpg (https://v5.airtableusercontent.com/v3/u/40/40/1745618400000/a5BbhPFgwtVeaTAGjT3bYA/VU10dOer-auX_kubj5csQ7OD6taUpZFTlWkxJPaANG6ikvSi_uT3FoNyLkSXPH_NwHoiLF8bNkf84qtM0AUHZdKpwDRd95LtruHLftSHk4ojX7njeQtnN5AEZuCVc4ZKaJXXMX9LM3pHqms7j_rij0uESZNAXxzfWY1y-Jl1bfA/aJe0TyIey94CXBftFZsHHUFOEhPb8mU7zAaeThZTtCc),,,,,,,Kup Grada Zagreba 2025.,,
ŠK Hrvatski branitelj 90-96,5. seniorska liga Centar A,Šah,,,,,,,,Kup Grada Zagreba 2025.,,
ŠK Dubrava,5. seniorska liga Centar A,Šah,,,,,,,,Kup Grada Zagreba 2025.,,
ŠK Vladimir Ivetić,5. seniorska liga Centar A,Šah,,,,,,,,Kup Grada Zagreba 2025.,,
ŠK UHBDR 99. brigade,5. seniorska liga Centar A,Šah,,,,,,,,Kup Grada Zagreba 2025.,,
NK Botinec,1. ZNL,Nogomet,images.jpg (https://v5.airtableusercontent.com/v3/u/40/40/1745618400000/8LnDfmBMTziBGP09dl9ApQ/Jdc78Q9O7Pl3ppPLTZmfq-rWD5PRXNbOLJkvrDjTLaxY5G9ciiZwVEoaZxUJ7occIVjAxcbnBnLXp1bqXUMueIvj6gLjWvob1ePZ5rjboT6m0sv-4d24CHP3tecTJRvaR6G4H21hcMH-uy9iJ9pHJj911J1WGgSU1ny81EhJw9k/fKjZb0WyXE_BRVao-OOS_TNfIxQ3xkjB4k2DkhdfkKo),,,,,,,,"17:30,17:00,16:30,15:30,14:30,14:00,13:30,12:00,16:00,16:00,17:00,17:30,17:30,18:00","17:30,17:00,16:30,16:00,16:00,15:30,14:00,13:30,15:30,16:00,10:00,17:30,17:30,18:00,18:00"
NK Bubamara,1. ZNL,Nogomet,Bubamara.png (https://v5.airtableusercontent.com/v3/u/40/40/1745618400000/z0MqWsoYRkMMBh-mm7wYTw/syn4tNJ-uszRdjFgefSNhr2j6Qyes1rH3CvGfb5cxFEseZjoI8oLoQgwLYjbdObAOvTQpTUXVX2EHcuErDoUtn8GOSmNC2TGoVc9p-WAnv4TLUglxerKSzvmfv81A2uRbsShrW3QTH0okQxnxhWEwdcndK8k23M2Xpil_Pc6k7o/PVDj5-kcYyf8sV-9mRU8_ilTInTPf2-mgYjZeK4viWE),,,,,,,,"17:30,17:00,16:30,16:00,15:30,14:00,13:30,13:30,15:30,16:00,16:00,17:30,17:30","17:30,17:00,16:30,16:00,15:30,14:30,14:00,15:30,16:00,17:00,17:30,18:00,18:00,18:00"
NK Concordia,1. ZNL,Nogomet,NK_Concordia_Zagreb1.png (https://v5.airtableusercontent.com/v3/u/40/40/1745618400000/kecsD0HUM4tcdoUWOumftw/aJbGcZeJ3crsUfiPV5KoGwHjGD6pQf_IU8EmdeqyQoK1LXHkUso7L4VyHfoGhOU3CWF8TOQIte8SzDVM8aNNiqvEms5VPsp5JAi83WSHT4R1IbLWVZL3j8ujhNcVpytx0N8PqmsVvtsMbvMhZqc0SOY_CXx9vdaFfgamtMRqo_Q/MBmsHJ-4m14mm06lrMmZ-WPNaddQgZEY9G7VagkPNcU),,,,,,,,"17:30,17:00,16:30,16:00,14:30,14:00,13:30,15:30,16:00,17:00,17:30,17:30,17:30,18:00,18:00","17:30,17:00,16:30,15:30,19:00,14:00,13:30,13:30,17:30,10:00,17:00,17:30,17:30,18:00"
NK Devetka,1. ZNL,Nogomet,devetka grb1.avif (https://v5.airtableusercontent.com/v3/u/40/40/1745618400000/UonyWFqP3wG2CXlHOHekwQ/yHrb1XXpdAxRIM8HuAzqaXRyPDiYWUx7iL4nOe_2kGvk59RVIOvMZLvBsXz4YpbkrbzgVqIHVOKFh86VTmQIV1MFJpmw5ywSkswgTFqIqWHoVTsJe6aQI8NQUXrPXv5IVc3rGY4se_WE_yk5g94Qx3SlFPzApMc5ak0a9jjKY0w/HkULU50y0PFrK99pXgbjupn8ehV1YOlcB5FCrCtSAC0),,,,,,,,,
NK Kralj Tomislav,1. ZNL,Nogomet,images.png (https://v5.airtableusercontent.com/v3/u/40/40/1745618400000/6fOiawQ5loWjewB9shPZvQ/EyP6HdV4haPzji3TyWEUjHbOkBajRDSFmi_CwyytK3-0ABxztfxnjHO4rgVmv72vy2Oidt8AB37246byk8l6J-_TbLthz_ae7R_aEi_nEV3mIcKJ5yxBaG8_w6Hf9DCYfFEQWyQSTrcOSWe7_1dKCVxx4d9CvZFVhrcLCfvbN-o/pr1trcI-qBBApfe4_o51nyEez-qgg98dwX7e_seTfIU),,,,,,,,"17:30,17:00,16:00,15:30,19:00,14:00,13:30,15:30,16:00,17:00,18:00,17:30,18:00,18:00","17:30,17:00,16:30,16:30,16:00,14:30,14:00,10:00,15:30,16:00,17:00,17:30,17:30,18:00"
NK Mladost - Buzin,1. ZNL,Nogomet,b115ee78016cb7f4e3a35fafe769f48204d839b9.png (https://v5.airtableusercontent.com/v3/u/40/40/1745618400000/JPiFXUSqgC9GltmJ_GVXxQ/cZjeak1dNlpm6Mq8UR1aiKwNv-tvXHIv0cigjUNZcYw_kDv_2xFuuuP9g0n9iNXMwromE2EAq7LXoUDLtqofekgSna-q5wl8xGqlkUbf-jaK9GtFk2E4vSwAW9DBat4_mZRToaoHSp3bn_D0xBYP1AsA-9vRixPB8_PEmsseeGomsEE6_hQPuwdbrf4J30zmoFHIHpteUk3wSRY86Ps8qg/w1tR-L1TFEezWgwsuSRRiV4btRv8JZpInGDIrdhkXrw),,,,,,,,"17:30,10:00,10:00,10:00,10:00,10:00,10:00,15:30,10:00,20:00,10:00,10:00,17:30,18:00","17:30,17:00,17:00,16:30,16:00,15:30,14:00,13:30,15:30,16:00,17:00,17:30,18:00,18:00"
NK NUR,1. ZNL,Nogomet,Nur.png (https://v5.airtableusercontent.com/v3/u/40/40/1745618400000/lwbtD99mD_Lmx5Ii7yRKRg/QyVmm3wSo2rT8dfwCxohWTRHd2Sse5Xcq8671yjTGc7s8qKE_-T0G01G5M-Krvo0g9pr9Lg_gPoeysLFMc50b715plOlp_pGqu8QrryZPItMcdpg23H58lrWYdxLpte2bPKYc4S92cX1J7kRS3Yq-w/SkjzvOuYlDpOdYKraHtNPA3YzqdflXYQXTXS3yxb73A),,,,,,,,,
NK Prigorje (M),1. ZNL,Nogomet,images.png (https://v5.airtableusercontent.com/v3/u/40/40/1745618400000/PBttVD1yIbKzF_foJ3R_Sg/1aMG9PgdyDyy6rs6_8rdvhqvInMGAmaGdhmZ8LMJ9zhGqya6s6Ej_y_6xTFIojXQRA9witLlvA6D5zTF-hqRGEnIw53m-v71fexjCnGHl9zrmNQId-EDC9_Bz3m54Mlat5MbWp5cDVERPwFnUHoZJBLo7el5KzkuOjuv3fAUFWA/Ld7NjI4XDSDrueMY8_UbMi_cBRewcx6Bikfi3pvGsxo),,,,,,,,"17:30,18:00,14:00,16:00,15:30,14:30,14:00,13:30,15:30,16:00,17:00,17:30,17:30,18:00","17:30,17:00,16:30,16:00,15:30,14:00,13:30,15:30,16:00,16:00,17:00,17:30,17:30,18:00,18:00"
NK Prigorje (Ž),1. ZNL,Nogomet,images.jpg (https://v5.airtableusercontent.com/v3/u/40/40/1745618400000/LuT1Deto2p9yP9YhyPmXpw/nWoOxvSeQbCrzsftumhrMG7vD_xXtBPPhmjURytFfGiJY2Md6UQ9v9-E3fsv2M86LsVhLRlyIaLp_SGflOmIaYDpmIDAgjOnszFMR4UiBorqfgpfJTWXvbrCcZZywWQDvul1UrNIbetYKoFlyFEbZnHdVEW-S-ABvHxnVZ3iCug/TK39aQo5OLr9WHrfTZ9K02C5Pl9HLNO-_L5Pwz6-N8Y),,,,,,,,"17:30,17:00,16:00,15:30,14:30,14:00,13:30,15:30,16:00,16:00,17:00,17:30,17:30,18:00","17:30,18:00,10:00,16:30,16:00,15:30,14:00,13:30,15:30,16:00,17:00,17:30,18:00,18:00"
NK Sava,1. ZNL,Nogomet,grb-1.png (https://v5.airtableusercontent.com/v3/u/40/40/1745618400000/_7yqRAXCvgE1SFSX5wN7Jw/HXFawQxJe2NKJTFVB4DqIzePnCMB-kTAVQ3z033d2tVHQkLBtCuCHsKJg6_833wWaiOhxduhqi9utsVT1Bi-8iQrxoEIUj2fVmdBZOcjImk_kN3BTa3awQ2KPlSHeBPyHpqpuffsxjMmZgnaI5rFOA/PJeHVCVGqwrYXEWGY4t3MGWMHDkl9KciccS_SOi3KN8),,,,,,,,"17:00,16:30,16:00,15:30,14:30,14:00,13:30,15:30,17:30,16:00,17:00,17:30,17:30,18:00","17:30,17:30,17:00,16:30,16:00,15:30,14:00,13:30,20:00,16:00,17:30,18:00,18:00"
NK Sloga,1. ZNL,Nogomet,4988ef_ceff3e62264b4637851dd5c5cbecb781~mv2.jpg (https://v5.airtableusercontent.com/v3/u/40/40/1745618400000/Z-uhiLHyhnn_SIKFNs9EEw/ZW5bIKxQVlzQFlvsjCXfpi2cp3Thr605umNH-0quwcDFMD6POv4IcsapQOBQ6inq4AhPl21EXsvUVEiBumFpR5uVeAT2tm7dl2UXRgNlEfjR0sRZfr__3O-gNHBHuSbs9CFxdsM4fGk2-JHzNJNHaGS620jwjEynYwA7M7Xc7RqS0nGwb7UBObLwxP0Lohq3UmeRa8HOcHu0zX5Yjv_Ecw/EQZW-71csobGCsdRF4dAY9w8nTIZwjXHEMi8l8ICvU0),,,,,,,,,
NK Studentski grad,1. ZNL,Nogomet,images.jpg (https://v5.airtableusercontent.com/v3/u/40/40/1745618400000/YRAUnY2Jn5RAd_Yp6XfizA/4iHpj_6UpxYKHeecBGLFow1BZuTgu_XN-v0qIpFH-LdFNeWt_3pufZjITyoGP2kdy-aw66OYwHOLNIgBsRNaF6MbDKWhnOBhsC1di7YOTYuU3N7c1qK1xg1xHtf8cUyUsUvnrJ2SEPxk8kscH1wNgFiWgvxcoyb30yELpv05UP0/Ik4nFdo4VhASl-UAYAMo5jkmNzJe0aN15nkrMBeFmTA),,,,,,,,"17:30,17:00,16:30,16:00,14:30,14:00,13:30,15:30,16:00,16:00,17:00,17:30,17:30,17:30,18:00","17:30,17:00,14:00,10:00,15:30,14:30,14:00,13:30,15:30,16:00,17:00,17:30,18:00,18:00"
NK Šparta,1. ZNL,Nogomet,images.png (https://v5.airtableusercontent.com/v3/u/40/40/1745618400000/QrLjg46RCZxeYWP6TldVRA/sT2ztWaaop_8BzC7iibRGlk2xkZZGX627YUStj6qT7jpOI5oqyFGAWTI5d0KHWGR4O8spaxi0IDhj_Orpf-gttnqQf89_LALKYmCa5qNesspAUUxyaiH4txEB3DLfYwKF8g3ec0IHtn9TPc371zph0aWXNZU6cubP1kLBBPreOE/4_GHge8A8rjGffB2bHMrmftXEGLy_cQ9YYF-bSbQna4),,,,,,,,"17:30,17:00,16:30,16:30,16:00,15:30,14:00,13:30,15:30,16:00,17:00,17:30,18:00,18:00","17:30,17:30,16:00,10:00,14:30,14:00,13:30,15:30,16:00,17:00,18:00,17:30,17:30,18:00"
NK Zelengaj,1. ZNL,Nogomet,Zelengaj_grb.png (https://v5.airtableusercontent.com/v3/u/40/40/1745618400000/F1kl24-MUl2oaDBs2yH40g/n1s2mDoYT7AeR3a0fcJ93YXqgrEXhN16HHBP065Cn09SvMQfzDTSTY_JGSW7E2TGdJQY7mdvuHDDmQQ_lSAnTfJaMlTo52kHkUep-JpmPLZBrSNeSX2RHzMUe0HtsZr2Z7UBYCLeJuHi57W_bLWEa3raBmZzIGsIggkC_AsHbHI/r3EfcQvpIYTb4bcZ0t0Vrq3CjbnprlFfOQQCIdoWycw),,,,,,,,"17:30,17:30,17:00,16:30,16:00,15:30,14:00,16:00,17:00,17:30,17:30,18:00,18:00,18:00","17:00,16:30,16:00,15:30,14:30,14:00,13:30,13:30,15:30,15:30,16:00,17:00,10:00,17:30"
NK Zet,1. ZNL,Nogomet,ef8c6288c45a1db6c0b8f81b588c9cfe6c92a18b.png (https://v5.airtableusercontent.com/v3/u/40/40/1745618400000/y8P1Qg0qZGydBWbK84WLew/hGeXhm4n0Wq0_Axgn2ZN3---59ShvH5UaA1NvtalOfYj9Dvhxo4_cVCCy95izaPwLXK_hYt35J5WvLxRW4JgJl9lH7R8ZJdZp1FWvmBiBYQFFLwdSig3o2miTVGilpS5cco0NJrxGhkbFm10jaeq6P2wQ0_gHCMEF77QtfQkTbfJmLSXfaCkaYOUq9YzM-diT1fZfwApj2I8Ew9DKj4gyA/yq0a_K3Gg2zsOQbknOr72n12QEDVvujAuDqylvONRp8),,,,,,,,"17:30,17:00,17:00,16:00,15:30,14:00,13:30,13:30,15:30,17:00,17:30,17:00,17:30,18:00,18:00","17:30,16:30,16:00,15:30,10:00,14:00,13:30,15:30,16:00,16:00,17:00,17:30,17:30,18:00"
NK Mala Mlaka,1. ZNL,Nogomet,Mala_Mlaka.png (https://v5.airtableusercontent.com/v3/u/40/40/1745618400000/l6ZCHGYn5RtlK-5rV-REcA/PpXb9noBNNaZ-gUJ9ra9Uq6Zf0f3Ic2l_zfPIAtPKu68QNW6nIPXC0S0kG9Rxfwb1yQ1vl8BW0ey4W12lEUiRIi2ZGjmhEy24TD8kVlnQ6TO7tyg3NzPx_uxK2eOiC6_EmQO292HuLqduVlXAfn4wT2Vdw2XT9OEFFTY2vTQSEI/Adv7bsw1XfBoY4ntyvHM36X5knr2NQ0Z48LuWAVSm7M),,,,,,,,"17:30,17:30,16:30,16:00,15:30,14:00,13:30,13:30,15:30,16:00,17:00,17:30,18:00,18:00","17:30,17:00,16:30,15:30,14:30,10:00,13:30,15:30,16:00,17:00,17:30,17:00,17:30,18:00"
NK Brezovica,1. ZNL,Nogomet,f4bd41b23a2be747dfd61ecafb22a20dfc25fd29.png (https://v5.airtableusercontent.com/v3/u/40/40/1745618400000/JxLHYxZpXlutxUc3gmM-CQ/AsfDYRCFoWOyqZH_eP9LZGvo372g3YObKOchfImxXjGZvPkptUWA9ZPFFrvW6nBdBQ4yyXGjpfpk5x1r3aGU_HLIs9oCsmJmNAg3fnOVmUcIwBtqmIkSksx2BTZ-PiYIcECxe4y3ASyQnDStIMR6g9140IZf1eLC9bL_H8S5Vr5MnlVZxUjL7_Cx_jvJ1AryLuV_6Yrmq6gc839wbfeb5w/H51OL2J_atIkH5GS-nh2KIbYGZpFUrhgzRTXyhcnabg),,,,,,,,"17:30,17:00,16:30,16:30,16:00,15:30,14:00,13:30,15:30,16:00,17:00,17:30,18:00,18:00","17:30,17:00,16:00,15:30,14:30,14:00,13:30,15:30,16:00,17:00,17:30,17:30,17:30,18:00"
NK Hrvatski Leskovac,1. ZNL,Nogomet,NK_Hrvatski_Leskovac.png (https://v5.airtableusercontent.com/v3/u/40/40/1745618400000/4pvp9HIKlLdWjy5ov8RD3w/3O1Q7p4qWV2xcENdfpTy7YZnH4U3gtmIG4TS_UnqXtPTFzA1k8pN_JuPDjymVvSaXUFoI36fjJcH5-3b-u4cydZOCfgjdJzU_eet65hwA43-3uRIVN6_q6v4pVjjXLD1ahNKKRxhNSaRexbxXJbc88QH651EmJQcLCyygVrxK90/pEzm67swOMdltxyNfspzNMf3yW0dL_0J_BH-ubFUFx0),,,,,,,,"17:30,17:00,16:30,16:00,15:30,14:30,14:00,13:30,15:30,16:00,17:00,17:30,17:30,18:00","17:30,17:00,16:30,16:00,15:30,14:00,13:30,15:30,16:00,16:00,17:00,17:30,18:00,18:00"
NK Kašina,1. ZNL,Nogomet,a6554ca2d1d0eaa1c61aef5f6f106151f41e3107.png (https://v5.airtableusercontent.com/v3/u/40/40/1745618400000/tD3P80wD3ObfsGmw5X7IQg/FRwoOI5_7x1mR5MoGRwJKjAJSOrvtDRJlXAJsfm5fDgJHVduvDHTgjIp-OGKIr8joQ1GCaE39IP26ep2LMBmm6VB4Tl-4LAEHy50hPLFrUw13Uu2b75vn6zbVsPQSOD0I3BVoT7XGnxAGwGu6VsxfpMwnvUFEtN5vKBkBqmVDS94MLTvDdNvFOm4gGvwXeYIaYnV-rnmab0NSe2UQ8gHqw/MQZm48DgL_sWVs1Wirl-PoJqBPPIJE4We3It8NxlcJk),,,,,,,,"17:30,17:00,16:30,16:00,15:30,14:30,14:00,13:30,15:30,16:00,17:00,17:30,18:00,18:00","17:30,17:00,16:00,14:30,14:00,13:30,13:30,12:00,16:00,17:00,17:30,17:30,17:30,17:30,18:00"
RK Sinj,"PH Seniori,Mlađi kadeti",Ragbi,RK Sinj.jpg (https://v5.airtableusercontent.com/v3/u/40/40/1745618400000/2eWV91m71nad7DdBcc9HRA/VIyqZ47kfr5rXiOTcvOGb6wDRk7m8jVxIqdFnys8zoAzk1G-7B3gC7w8oaDHqs7WFOHVonGozZ0GrZ7iY3K-jEdkjeEfjP70ZV11Rs58n3bc5wYe1jC2dga0fbVU9CSYUtyOhwJWLQfMx9ZuIvnKgv6XAs_NN0bu7dqQUiFeUD8/HC4JOZL3mVSyBbxvL_uEQtR3zsg6DcRaWICcw34qOUw),,,,,,,,"15:00,14:00,15:00,15:00","14:00,14:30,13:00,14:00"
RK Nada,"PH Seniori,Mlađi kadeti",Ragbi,Logo_Nada.png (https://v5.airtableusercontent.com/v3/u/40/40/1745618400000/GUxbayKA3z7DzyxOJcX4CA/fKtFnBkdpHncrRcbMBcHhfSZp1iYnP9sA6g6Nk_QhjhF0Z6vV3IV-4xyysWRyRWJiFbvLbXhCOwrPUZgVQE6jZVhusI80JWmFQL70OdAiIp2fCLZz46uO5P7HKth9OhoMfogYowdJGjcH2E8-Y_JTmZVKDMm6av8Tr2aqmhNDVE/kh07fVc9Cb7o0jaXnhLGS2ZKarIwqgO_S0jonrcXPtI),,,,,,,,"14:00,13:00,14:00,14:00","14:00,14:30,15:00,15:00"
HARK Mladost,"PH Seniori,Mlađi kadeti",Ragbi,hark mladost.png (https://v5.airtableusercontent.com/v3/u/40/40/1745618400000/V9_rSWw1HmwMjCpvH04V2w/galhQ7Pd51TSBvCSF4kA9mdTGRF7eThe0Nm_X2LjtGIbyx4AQ_hS5mvb8N9hWDcGi0QT_OsWd7gseEfmegwiamVshceLi_IwgwAASbL286wyqAw0YFGvD2qTl9DJmnOAek5ZlHfHlsy7letMjzOuyUkTMb9FpQvtrf3HJaaYzOc/lppHTnajXlfaQJyJ01e7AT6zPbNBW8tNmlibVsdFV8Y),,,,,,,,"14:00,13:00,14:00","14:00,14:00,15:00,15:00"
RK Zagreb,"PH Seniori,Mlađi kadeti",Ragbi,RK Zagreb.png (https://v5.airtableusercontent.com/v3/u/40/40/1745618400000/tmoy65cOa3edCJFsFAgLBg/jZ-yQ7Syb761MfI156dWAGNZJJPptKC0s0qqbL--7JvYndoJaNeLJdtQendF-d0ha5H3E_cqpEpCgiJAW5A8vjx9PTTYXapRrd63n2nNFH5h0VBcw5eirygqBCSD-z-vylpopcYv5OfvnfMqwbdj_0U9h-OPQvkprK8KyWjLy7M/ecR_XpShFZF2mwneGpfHA6BGmeIt8IW8eawEA60pc7I),,,,,,,,"14:30,14:00,15:00,14:30","13:00,14:00,14:00"
HAOK Mladost,"Superliga Ž,Superliga M",Odbojka,HAOK Mladost.png (https://v5.airtableusercontent.com/v3/u/40/40/1745618400000/1dJaxTV_99xUuAHRX8neOA/q0QUFl5UmrVBk1BPi6vApMUApaf8mVnC0NpW80RYBP1XFYdAMt2MhKdJWZGSLO_B7z8j8NLVKP83n0dmHa1-r9qgTpuywe-y6JZXLhRpIaTioYhVzXpEsDwYqWg-fjQhqBN7YguYDJtdE_slm8DRXzP78wjSskbwfvARpUS6CkE/C0GbmrxzhbemH-0pGa1XTQGGwq7KCIVsmjQBZfQHqII),,,,,,,,"19:00,17:00,18:30,18:30,18:00,18:00,20:00,18:00,17:30,15:00,15:00,15:30,17:00,17:00,20:30,15:30,17:00,17:00","18:00,17:00,20:00,18:00,17:00,17:00,15:00,17:00,15:00,17:00,18:00,17:00,20:00,18:00,17:00,17:00,17:00,20:00"
OK Dinamo,Superliga Ž,Odbojka,OK Dinamo.png (https://v5.airtableusercontent.com/v3/u/40/40/1745618400000/ox2Km_wzuddIleV2FUHyqw/rqaRNBkdYWp0N_1I_k9IjFbl0ukec7-B8KLlcUPJQoz-tsb3itjjM-NSE2tCgB5_RMRL8jP0VocyEGRWh_u5Io7h-sJDYAUayt8fLPDLpR1T5b66m4YWQgHebe9sKGTXJkosQ3yJbJ0IeFdlj0gin3DLLoPCbOsP39U4ziKq_Gs/FzAEnBoIddN6v5YqlcjDWuXx0gr2dzmwpLAj3K4HtKk),,,,,,,,"19:00,20:00,18:00,17:00,17:00,17:00,20:30,17:00,18:00","17:00,20:00,18:00,18:00,18:00,20:00,17:00,18:00,20:00"
OK Nebo,Superliga Ž,Odbojka,ok_nebo-100x100.png (https://v5.airtableusercontent.com/v3/u/40/40/1745618400000/Cv5Auyo1Gt_LZPfaVZx6IQ/GFtu-OBtuuogHHQjKGbL5pK6jHvLr1fENu_6_bfv8knnE12XfC5LeN2KhN-NHsEatK3pSWdjgRNxaY-PByTqUSA-TYBj9w2ch23q54HEjSJfZ2WpEN7WfoYOrCzp4jRZhUFy7n11EIZ9ye2Fh-Qq2HlWaekAMJXD0OE3zgMh0I8/AbavsvMcMsvEOnRdW-Qf3iRvP-7QjjiklJPsyP4w3GA),,,,,,,,"18:00,18:00,17:00,18:00,18:00,18:00,18:00,18:00,18:00","14:00,19:30,17:00,18:00,18:00,20:00,18:00,18:00"
OK Sisak,Superliga M,Odbojka,ok_sisak-100x100.png (https://v5.airtableusercontent.com/v3/u/40/40/1745618400000/QkpDDlDfwGh7UFJG4EVpCg/mdPjknRunkFTz6fM8cNu75iB9mbfSZ6uQo8TLm201bXDP_6lVoArV-4519LPscmJ6CccDwi2DFfdM9gS7LAXexvh3XL4gS0OlLsUSugd97AtXRE_TAD-USCC0OkZDoDYb3n4vEcMhwYIUUvAlwm2nynMxN9U3L6ogfgCcIyIuDM/lCFU-MVxImr3I2ECexcmhF8jbp9FMnQSVhlrUqyi5sg),,,,,,,,"15:00,17:00,18:00,18:00,18:00,18:00,17:00,19:00,20:00","16:15,19:00,17:00,15:30,17:00,19:30,15:00,16:00,17:00"
OK Don Bosco,Superliga Ž,Odbojka,don_bosco-100x100.png (https://v5.airtableusercontent.com/v3/u/40/40/1745618400000/O1vcpCOO2C5Jke063JRXmw/0kvz-QjxBhpZ_BNMAuPoR_YhhVzTTBilBwtyVEw9L9fPAjgcIcZ2nvs9EGBmt0umu7EBN8tzRH9p4bdecSNvPxj-A6MRCY-GuRv7QO5CSdZ7aGhcmh2a1hYYOko6-TqzgyQbJMO5cBDAQK5G3y92yZAL8uIFAPT5KiiOnkcqf94/561mrPUud-dlau2JYAl2GKgEWiXxtf6RJqWmlfG5Rrg),,,,,,,,"16:00,14:00,20:00,15:00,15:00,16:45,17:00,17:00,20:00","20:00,18:00,18:30,18:00,18:00,18:00,18:00,17:00,20:00"
MOK Marsonia,Superliga M,Odbojka,mok_marsonia_slavonski-brod-100x100.png (https://v5.airtableusercontent.com/v3/u/40/40/1745618400000/v4TeqDg5PoESAZIf7xnrVQ/tztQDBjVSIyI4g_J9Cfnu_PO9Ok3hxRC26pvCdVNpzRO4UvRnJR27ZBhQ4gNy3I--Ur9PjeykGpNCc1pwmdnp_kdOT0qIAtoaDWx3vYG7SLCc_GBnQSpiYVVNYb6vRy9mifVB2KdZbDwLdX7ml-ChpglJ-6PLPFXDj-zeEFD0-nMTpRxdvUAW7Xr7-U9YHQ_/Qg2vbyIihYQx1_JiaeUgKZ-k62chDOyjCdMjhPDqHbM),,,,,,,,"16:00,20:00,20:00,17:00,18:00,19:00,17:00,16:30,20:00","18:00,17:00,17:00,18:00,20:00,17:00,17:00,17:00,19:00"
MOK Mursa Osijek,Superliga M,Odbojka,mok_mursa_osijek-100x100.png (https://v5.airtableusercontent.com/v3/u/40/40/1745618400000/GK5I8L4lSbwLzi8q_EKqPg/S6rnBvjyQAbu02DyN6MYM93xJzUxqUMLDByqVuPxzqKb7ecGZ2lnYRhVwLV72K7adNI0ZNaReccS3IzU4zoCBu4EsDghgSDkiiiODLFvwkTfLRvGYrVu7qhBUWuDkTGsKxCoHlON-KDWSBe5aMRTX0j9TEAlJLbPeNVVbj2lEei3EvCArMiG2v3Ab7ULO-Iw/bOWwopuWm8rCyc5Pc1-Tp4b0Udabdvj1NhozuTyyvHY),,,,,,,,"17:00,18:00,17:00,16:00,20:00,20:00,16:00,14:00,17:00","17:00,17:00,18:00,18:00,18:00,20:30,18:00,16:00,20:00"
OK Marina Kaštela,Superliga Ž,Odbojka,Marina Kastela.png (https://v5.airtableusercontent.com/v3/u/40/40/1745618400000/6iQ0LMal7tUXtoQIbLDBTg/mO7b2IZI4uh6KGpZTpRyMfrUSYaiJymHJrks69q-dnbhni1tvZGkcFIoMKBmo8im-q0EVEGoqmkVJO3V7hMwBJ5gdy3AsDU7rsjeVQNGC3gtOhdpKTBShJ7U8ceGw1rVbY5iKUH04tZqR_DySk5MI2ZV9YY1O836akM357zJYow/rvHUxPJxO4rXrHTXxszzHQNrF6wrSs_7kiSxSAN8ClE),,,,,,,,"20:00,17:00,17:00,17:00,17:00,20:00,18:00,19:00,20:00","20:00,18:00,17:00,18:00,17:00,20:00,19:00,18:00"
OK Split,Superliga M,Odbojka,ok_split-100x100.png (https://v5.airtableusercontent.com/v3/u/40/40/1745618400000/1SSgZ7oO4WDXwDpFVthHQw/F_4YZFCDow5SnL5MBFSibRxGfH1ZlarIbk1qFxLezz_dK53MAMthFLDxakjuVJ1_zZyc0WdldQiVwuSKgMOKTcIXSYwzxuTF4V1ENPZiXPerHPz79-jZnfub9P2Pejho_0tWgyCGaISt5pdXf6812cKxNKCEX0nlHxaimzHZ_3o/_QBV0qyWv3C8Sf3mRkjJ9bsX6adX6Lzo6sSYAXLJrC0),,,,,,,,"17:00,17:00,17:00,17:00,18:00,17:00,17:00,16:00,16:00","17:00,16:00,15:00,15:00,20:00,15:00,18:00,18:30,18:00"
OK Brda,Superliga Ž,Odbojka,9132_okbrda_split.png (https://v5.airtableusercontent.com/v3/u/40/40/1745618400000/8nsynZ5tkQnk2vKyoxWXvQ/cHngx8UHcBpxwXGvOyrpdg2M5gdqEM9qhMnR2ZT6APno97xoUs37tNe1ixzhx3B-9oUNTPB2GMdlcoksqTGKswFgO1xbCtLszEvv7Wv2eXFzSiSECWNbYafyxk5KRvV_8Gpv1-cDoywBnOv76kXqKlUpR00kzJenagGXm97o1ag/8N0uYiiijUmHk6pYpfwWIONlkfix0_YpVYKua9DrrK4),,,,,,,,"19:30,19:30,18:00,18:00,17:55,16:00,19:00,18:00,15:00","20:00,18:00,20:00,17:00,18:00,17:00,18:00,19:00,20:00"
OK Ribola Kaštela,Superliga M,Odbojka,ok_mladost_kastela.png (https://v5.airtableusercontent.com/v3/u/40/40/1745618400000/qERkcafj6WzYd1rJo6XvBw/EoVcW6kgPFPsq-jdNvL-zmdNonlenvdtT318kQKW-uLaURN7dl4cNXIaQjMS2vMMQQnC9fM31WfF39fxow4nCjZdh331dlJq24UzQ4idfGQr-P29m3txPbl1B6KRvKDAVSvzVemVPcT5H6ZXTNKTqp3ZS9g_QgQQd3DXqBl_xHY/h2VWENq46ruByF_5ObtKoWg7E1LIAsW2-jofel_QpzQ),,,,,,,,"17:00,20:00,17:00,18:00,20:00,15:00,20:00,16:00,17:00","15:00,17:00,16:00,16:00,17:00,20:00,17:00,17:30,16:00"
ŽOK Dubrovnik,Superliga Ž,Odbojka,DUBROVNIK_CURE_SMALL.png (https://v5.airtableusercontent.com/v3/u/40/40/1745618400000/QgJ3i-cnIdFNU2mFeI-zUg/_nS0rRz6I7ZJdUdocclUSHfSRNE3otMI01_sGBIjzfCAwx6FQZHsUSd35GDDgxp_OSVlKqJZbsTibPrp8WIahsYYV_DNZNriUzXcgJtyD4ckx1mmYRWmesr88NFzTdtsASyEswGBcqnfg6EbKtc39ccHOCuWzTH9e2XKQEynCSM/xsCcsaqA8GB6rT01TXqSHlGWUOb19jBuey7NV0lO-fw),,,,,,,,"20:00,20:00,17:00,17:00,17:00,18:00,17:00,19:00,20:00","19:00,20:00,20:00,17:00,17:00,16:45,19:00,18:00,20:00"
ŽOK Rovinj-Rovingo,Superliga Ž,Odbojka,ROVINJ_CURE.png (https://v5.airtableusercontent.com/v3/u/40/40/1745618400000/RoI_E7E8qZB7Ckr2LiL-5g/Vr3n8F9E8XMGxnzMyGQTgdCC_oN9gAdQrsPeVwFlmam2z8k8YVVCm-laK9Q0w5uCK-zTRmwMJFuEpwYNpOannAoOEzr4EdMyn0fIgMl1tVmO71Y3XaoBsziZCnSgae2hTG0shAPcywT2XIbugd3Hzo3JpJLGcvtcUVwiezHBfDQ/_vJU1JlXOMw5G6m6M7yCOsfCyhRyXYEb6XtIdWLZFQs),,,,,,,,,
MOK Rijeka,Superliga M,Odbojka,mok_rijeka-160x160.png (https://v5.airtableusercontent.com/v3/u/40/40/1745618400000/ZD1VOzkqkJDzuFUmgLVPvw/myq8NRZHMcWOWRCUjXIHCXDkoSOuK64YXC3dehP_T7gAmRwrcCEuA4IF5HOeTD-EeVssNgDuUdyEU40TpObKefXsA1k5Sa_m7hMl9RbEfx-BE0hXFd27_Vb3oO7MK00LHOIegkr45sQ-C8QmkpxATDcyZl4NhIz_thtz5y29eHg/dJdLUVoP3YGaNxORUpxD-5HSrFs3rwQ9kpavI70mSYI),,,,,,,,"16:15,17:00,17:00,18:00,17:00,18:00,18:00,18:30,20:00","18:00,18:00,17:00,17:00,18:00,19:00,20:00,14:00,17:30"
ŽOK Osijek,Superliga Ž,Odbojka,ZOK Osijek.jpg (https://v5.airtableusercontent.com/v3/u/40/40/1745618400000/yNvv5T0OMHVqWRte3VhTrg/ZT-WZczWIiL_YizIM0RglNZHYwWsJ0RImRbxJ8R0WgoD49WZ5Ye3Wilc_jPqWlommvBl0UiO-hW0nqw_rl7OBLPas784f-YmVpFSrKeqivc_OdFb-_9Z-dAq8EEHqwVfOxh0nEuJ5V5gPKTkhvYLNd1qOax-e6R0FGpa6TV2SsM/9m7s29BnrdxNQXHvB5rN7KSvcVZwbDo9NngOJiDA6P0),,,,,,,,"18:00,18:00,17:00,18:00,18:00,17:00,15:00,17:00,18:00","19:00,20:00,17:00,18:30,15:00,20:00,16:00,17:00,19:00,18:00"
ŽOK Ribola Kaštela,Superliga Ž,Odbojka,ZOK Ribola Kastela.jpg (https://v5.airtableusercontent.com/v3/u/40/40/1745618400000/YpGEpRgoxQ9AoJZIpYZLuQ/-Zbmx5pSZEQiGPGtdj6na8gGSlrN8WWRDNMKY2ZrKqq9y7GWrrhOSmexdQ4hVNHep0_-ngl1ykV2UeknybRMW-i84MP_D7TO6z16hWwHBusaPwRcH5eBDSIkmobzBdMkBM0c27ICJz43gzkhnq-mHuJ4a2Njx9-hO4L_vp_TXEI/zgjvHHXa-pfzXDbNStTpbuGL3neIlED3boekViqhCp0),,,,,,,,"18:00,18:00,20:00,18:00,18:00,17:00,17:00,18:00,18:00","16:00,19:30,18:00,17:00,20:00,17:00,16:00,17:00,17:00,17:30"
OK Kelteks,Superliga Ž,Odbojka,OK Kelteks.png (https://v5.airtableusercontent.com/v3/u/40/40/1745618400000/N0htEPQ0LQEDAZW_w-fYZg/B4pbaZOnQIsgw4kEUaceT62Assfp1A76ZYm3HiRpq9VRal-JN4AnqfXjYqIRnhGe6v6fio380DvNS3Uazq8Dyxult7VjdkMpujiPLQnU71oO-0vIsIUh1QVyXb9VRpU0YBnCRvfn1B8C6v7hiMG2Pp7_dvj3GnulfNZCn-n8MkY/O-LqeUFhiQ2a-lhN1ls9-QsrWDQsLjdnDfQRa_eDags),,,,,,,,"20:00,20:00,20:00,20:00,20:00,16:00,20:00,19:00,20:00","18:00,18:00,17:00,15:00,17:55,18:00,20:30,18:00,18:00"
OK Cratis Varaždin,Superliga M,Odbojka,Cratis Varazdin.jpg (https://v5.airtableusercontent.com/v3/u/40/40/1745618400000/NcciIYYNfAJ_adPeT06kkw/7wbJRyc1FBCay9t3SqI7JW9khcSBKG7teWiti2RD84IaJ0r6Xm4RjoSqE4ZLNFM5f165ljJzs-COXzsJI_dlrUxoEfX6S6cS4R_viiRA7KtBJqtuqYoRM3Q_GLUSfQdbHSzVYZ1aPNGwAwt93NNqv44DQgBAgsfKmt2GoW3bRvM/jLJvt_Q1oYb6BthA9HULdB9moo-Q1uvBnCcyOOuIxs0),,,,,,,,"18:00,18:00,18:00,15:00,18:00,19:30,20:00,18:00,15:00","20:00,17:00,18:00,18:00,18:00,20:00,16:00,17:00,20:00"
OK Rovinj,Superliga M,Odbojka,OK Rovinj.png (https://v5.airtableusercontent.com/v3/u/40/40/1745618400000/UZB-HgmEBygtEjLvhAMotg/HfZ4bziq3hE_iY-5hGAm22tIav1KxUPLip1rY0nqf_gXxlirbIAt8XGRHX7Gnqc1kfsiulkvjIbTY8dMhWoz76U50j20WNIK7vM_KZgvuj3lo_qVF94KeoKftIkfFW0FVNObivEZb0utRZOB800Tk629ha3CphJKiDhV8Rb0qQo/Z65pwq2F3tVCLrlVIh7ALzH-S2hsTlDb6aCdQVTq4Uk),,,,,,,,"19:30,19:00,18:00,18:00,18:00,17:00,20:00,17:30,18:00","15:00,18:00,18:00,17:00,17:00,18:00,18:00,16:30,17:00"
OKM Centrometal,Superliga M,Odbojka,OKM Centrometal.png (https://v5.airtableusercontent.com/v3/u/40/40/1745618400000/pE1En2N5myUNylEFp6r3jg/PreFSs4HjIt1sPkUwcc9Md6G4LJDwgsJFx5bNsIdu-b_7hscKChdbI6fbGymuTWaAbyKpNwTVEDmkIQbd-gjMAC21NMVitrTBki8wAz-e5YbJjFC_jfbOkAZ6e66SlcUaD_JitFgu84n2AXjEeSQd-klQXSPZ9Drg6AxqFdWEj4/71S69Gdq7JadPxAEd6r5EejMq5qXh328NnbO40hhCt8),,,,,,,,"17:00,17:00,18:00,16:00,17:00,15:00,17:00,17:00,17:30","19:30,17:00,20:00,18:00,17:00,20:00,15:30,15:00,17:00"